

count: 0 pos: 50     L   25


count: 0 pos: 25     L   8


count: 0 pos: 17     L   44


count: 1 pos: 73     L   6


count: 1 pos: 67     R   1


count: 1 pos: 68     R   26


count: 1 pos: 94     R   9


count: 2 pos: 3     L   47


count: 3 pos: 56     R   16


count: 3 pos: 72     R   25


count: 3 pos: 97     R   12


count: 4 pos: 9     L   42


count: 5 pos: 67     R   35


count: 6 pos: 2     L   24


count: 7 pos: 78     R   31


count: 8 pos: 9     R   19


count: 8 pos: 28     L   43


count: 9 pos: 85     L   33


count: 9 pos: 52     L   23


count: 9 pos: 29     R   9


count: 9 pos: 38     L   17


count: 9 pos: 21     R   38


count: 9 pos: 59     R   42


count: 10 pos: 1     L   3


count: 11 pos: 98     L   39


count: 11 pos: 59     R   35


count: 11 pos: 94     L   50


count: 11 pos: 44     L   40


count: 11 pos: 4     R   4


count: 11 pos: 8     L   13


count: 12 pos: 95     R   42


count: 13 pos: 37     L   16


count: 13 pos: 21     L   26


count: 14 pos: 95     L   26


count: 14 pos: 69     R   5


count: 14 pos: 74     R   4


count: 14 pos: 78     L   2


count: 14 pos: 76     R   36


count: 15 pos: 12     L   23


count: 16 pos: 89     L   35


count: 16 pos: 54     L   46


count: 16 pos: 8     L   26


count: 17 pos: 82     L   10


count: 17 pos: 72     R   45


count: 18 pos: 17     R   32


count: 18 pos: 49     L   12


count: 18 pos: 37     L   8


count: 18 pos: 29     L   25


count: 18 pos: 4     R   49


count: 18 pos: 53     R   71


count: 19 pos: 24     L   24


count: 20 pos: 0     R   58


count: 20 pos: 58     R   63


count: 21 pos: 21     R   38


count: 21 pos: 59     R   41


count: 22 pos: 0     L   60


count: 22 pos: 40     L   40


count: 23 pos: 0     R   93


count: 23 pos: 93     R   33


count: 24 pos: 26     R   62


count: 24 pos: 88     R   12


count: 25 pos: 0     L   97


count: 25 pos: 3     R   25


count: 25 pos: 28     R   15


count: 25 pos: 43     R   4


count: 25 pos: 47     R   88


count: 26 pos: 35     R   65


count: 27 pos: 0     R   3


count: 27 pos: 3     R   76


count: 27 pos: 79     L   79


count: 28 pos: 0     L   85


count: 28 pos: 15     L   32


count: 29 pos: 83     L   25


count: 29 pos: 58     L   14


count: 29 pos: 44     L   2


count: 29 pos: 42     L   67


count: 30 pos: 75     R   25


count: 31 pos: 0     L   35


count: 31 pos: 65     R   47


count: 32 pos: 12     L   40


count: 33 pos: 72     R   28


count: 34 pos: 0     R   46


count: 34 pos: 46     L   46


count: 35 pos: 0     L   62


count: 35 pos: 38     R   83


count: 36 pos: 21     R   93


count: 37 pos: 14     L   17


count: 38 pos: 97     L   92


count: 38 pos: 5     R   78


count: 38 pos: 83     R   17


count: 39 pos: 0     R   34


count: 39 pos: 34     R   23


count: 39 pos: 57     R   43


count: 40 pos: 0     R   20


count: 40 pos: 20     L   35


count: 41 pos: 85     L   66


count: 41 pos: 19     R   42


count: 41 pos: 61     L   28


count: 41 pos: 33     R   81


count: 42 pos: 14     R   86


count: 43 pos: 0     L   775


count: 50 pos: 25     R   22


count: 50 pos: 47     L   47


count: 51 pos: 0     L   17


count: 51 pos: 83     L   83


count: 52 pos: 0     L   47


count: 52 pos: 53     R   24


count: 52 pos: 77     R   8


count: 52 pos: 85     R   315


count: 56 pos: 0     R   59


count: 56 pos: 59     R   65


count: 57 pos: 24     R   32


count: 57 pos: 56     R   63


count: 58 pos: 19     R   376


count: 61 pos: 95     R   44


count: 62 pos: 39     R   77


count: 63 pos: 16     R   342


count: 66 pos: 58     R   80


count: 67 pos: 38     R   86


count: 68 pos: 24     L   24


count: 69 pos: 0     R   28


count: 69 pos: 28     L   28


count: 70 pos: 0     L   87


count: 70 pos: 13     L   13


count: 71 pos: 0     L   29


count: 71 pos: 71     L   39


count: 71 pos: 32     L   67


count: 72 pos: 65     L   37


count: 72 pos: 28     L   88


count: 73 pos: 40     L   177


count: 75 pos: 63     L   623


count: 81 pos: 40     L   40


count: 82 pos: 0     L   66


count: 82 pos: 34     R   49


count: 82 pos: 83     L   74


count: 82 pos: 9     R   391


count: 86 pos: 0     R   518


count: 91 pos: 18     L   418


count: 96 pos: 0     R   498


count: 100 pos: 98     L   98


count: 101 pos: 0     R   19


count: 101 pos: 19     R   96


count: 102 pos: 15     L   39


count: 103 pos: 76     L   79


count: 104 pos: 97     R   19


count: 105 pos: 16     L   87


count: 106 pos: 29     R   71


count: 107 pos: 0     L   62


count: 107 pos: 38     L   42


count: 108 pos: 96     R   4


count: 109 pos: 0     R   449


count: 113 pos: 49     L   49


count: 114 pos: 0     R   44


count: 114 pos: 44     L   3


count: 114 pos: 41     R   72


count: 115 pos: 13     R   87


count: 116 pos: 0     R   65


count: 116 pos: 65     L   65


count: 117 pos: 0     R   88


count: 117 pos: 88     R   196


count: 119 pos: 84     L   728


count: 126 pos: 56     R   544


count: 132 pos: 0     R   66


count: 132 pos: 66     L   49


count: 132 pos: 17     L   17


count: 133 pos: 0     L   8


count: 133 pos: 92     L   92


count: 134 pos: 0     L   45


count: 134 pos: 55     L   89


count: 135 pos: 66     L   66


count: 136 pos: 0     L   25


count: 136 pos: 75     R   99


count: 137 pos: 74     L   74


count: 138 pos: 0     R   72


count: 138 pos: 72     R   25


count: 138 pos: 97     R   59


count: 139 pos: 56     R   64


count: 140 pos: 20     L   20


count: 141 pos: 0     L   62


count: 141 pos: 38     R   92


count: 142 pos: 30     L   30


count: 143 pos: 0     L   89


count: 143 pos: 11     R   89


count: 144 pos: 0     R   30


count: 144 pos: 30     L   74


count: 145 pos: 56     L   42


count: 145 pos: 14     R   86


count: 146 pos: 0     R   978


count: 155 pos: 78     L   36


count: 155 pos: 42     L   42


count: 156 pos: 0     L   172


count: 157 pos: 28     R   72


count: 158 pos: 0     L   46


count: 158 pos: 54     R   46


count: 159 pos: 0     L   75


count: 159 pos: 25     L   25


count: 160 pos: 0     L   31


count: 160 pos: 69     L   88


count: 161 pos: 81     L   81


count: 162 pos: 0     L   498


count: 166 pos: 2     L   2


count: 167 pos: 0     L   951


count: 176 pos: 49     R   51


count: 177 pos: 0     R   41


count: 177 pos: 41     L   641


count: 184 pos: 0     L   49


count: 184 pos: 51     L   73


count: 185 pos: 78     L   77


count: 185 pos: 1     L   8


count: 186 pos: 93     L   36


count: 186 pos: 57     L   99


count: 187 pos: 58     R   15


count: 187 pos: 73     L   20


count: 187 pos: 53     L   653


count: 194 pos: 0     L   29


count: 194 pos: 71     R   90


count: 195 pos: 61     R   66


count: 196 pos: 27     L   3


count: 196 pos: 24     L   24


count: 197 pos: 0     R   87


count: 197 pos: 87     R   25


count: 198 pos: 12     R   72


count: 198 pos: 84     R   24


count: 199 pos: 8     R   22


count: 199 pos: 30     R   33


count: 199 pos: 63     L   11


count: 199 pos: 52     L   665


count: 206 pos: 87     L   63


count: 206 pos: 24     R   3


count: 206 pos: 27     R   83


count: 207 pos: 10     L   9


count: 207 pos: 1     R   41


count: 207 pos: 42     R   59


count: 208 pos: 1     L   79


count: 209 pos: 22     R   88


count: 210 pos: 10     L   10


count: 211 pos: 0     R   61


count: 211 pos: 61     R   22


count: 211 pos: 83     L   83


count: 212 pos: 0     L   76


count: 212 pos: 24     R   68


count: 212 pos: 92     L   382


count: 215 pos: 10     L   873


count: 224 pos: 37     R   684


count: 231 pos: 21     R   79


count: 232 pos: 0     L   979


count: 241 pos: 21     L   77


count: 242 pos: 44     L   44


count: 243 pos: 0     L   31


count: 243 pos: 69     R   761


count: 251 pos: 30     L   30


count: 252 pos: 0     R   859


count: 260 pos: 59     L   59


count: 261 pos: 0     L   55


count: 261 pos: 45     R   455


count: 266 pos: 0     L   649


count: 272 pos: 51     R   39


count: 272 pos: 90     L   390


count: 276 pos: 0     L   25


count: 276 pos: 75     L   775


count: 284 pos: 0     L   381


count: 287 pos: 19     R   810


count: 295 pos: 29     R   571


count: 301 pos: 0     L   70


count: 301 pos: 30     L   25


count: 301 pos: 5     L   42


count: 302 pos: 63     R   37


count: 303 pos: 0     R   22


count: 303 pos: 22     R   99


count: 304 pos: 21     L   34


count: 305 pos: 87     L   36


count: 305 pos: 51     L   23


count: 305 pos: 28     R   44


count: 305 pos: 72     R   24


count: 305 pos: 96     L   35


count: 305 pos: 61     R   28


count: 305 pos: 89     L   89


count: 306 pos: 0     L   98


count: 306 pos: 2     R   84


count: 306 pos: 86     L   86


count: 307 pos: 0     R   54


count: 307 pos: 54     R   81


count: 308 pos: 35     R   35


count: 308 pos: 70     L   62


count: 308 pos: 8     L   62


count: 309 pos: 46     R   8


count: 309 pos: 54     R   4


count: 309 pos: 58     R   42


count: 310 pos: 0     L   19


count: 310 pos: 81     L   23


count: 310 pos: 58     L   10


count: 310 pos: 48     L   98


count: 311 pos: 50     R   37


count: 311 pos: 87     L   76


count: 311 pos: 11     R   91


count: 312 pos: 2     R   598


count: 318 pos: 0     R   67


count: 318 pos: 67     L   764


count: 325 pos: 3     R   97


count: 326 pos: 0     L   2


count: 326 pos: 98     L   98


count: 327 pos: 0     R   90


count: 327 pos: 90     L   17


count: 327 pos: 73     R   62


count: 328 pos: 35     R   273


count: 331 pos: 8     R   763


count: 338 pos: 71     L   68


count: 338 pos: 3     L   903


count: 348 pos: 0     L   498


count: 352 pos: 2     L   2


count: 353 pos: 0     R   95


count: 353 pos: 95     R   4


count: 353 pos: 99     R   319


count: 357 pos: 18     R   82


count: 358 pos: 0     R   198


count: 359 pos: 98     L   98


count: 360 pos: 0     R   83


count: 360 pos: 83     L   983


count: 370 pos: 0     R   782


count: 377 pos: 82     R   18


count: 378 pos: 0     R   490


count: 382 pos: 90     L   83


count: 382 pos: 7     R   893


count: 391 pos: 0     L   965


count: 400 pos: 35     L   35


count: 401 pos: 0     R   72


count: 401 pos: 72     L   50


count: 401 pos: 22     L   22


count: 402 pos: 0     L   335


count: 405 pos: 65     R   30


count: 405 pos: 95     R   60


count: 406 pos: 55     R   272


count: 409 pos: 27     L   12


count: 409 pos: 15     R   933


count: 418 pos: 48     R   52


count: 419 pos: 0     R   3


count: 419 pos: 3     R   119


count: 420 pos: 22     R   78


count: 421 pos: 0     R   26


count: 421 pos: 26     R   94


count: 422 pos: 20     L   20


count: 423 pos: 0     R   39


count: 423 pos: 39     L   39


count: 424 pos: 0     R   724


count: 431 pos: 24     R   35


count: 431 pos: 59     R   41


count: 432 pos: 0     L   28


count: 432 pos: 72     L   55


count: 432 pos: 17     R   73


count: 432 pos: 90     L   90


count: 433 pos: 0     R   27


count: 433 pos: 27     L   66


count: 434 pos: 61     L   61


count: 435 pos: 0     R   61


count: 435 pos: 61     R   39


count: 436 pos: 0     R   519


count: 441 pos: 19     R   81


count: 442 pos: 0     R   565


count: 447 pos: 65     R   51


count: 448 pos: 16     R   97


count: 449 pos: 13     L   72


count: 450 pos: 41     L   402


count: 454 pos: 39     L   39


count: 455 pos: 0     L   61


count: 455 pos: 39     L   10


count: 455 pos: 29     R   58


count: 455 pos: 87     L   39


count: 455 pos: 48     R   52


count: 456 pos: 0     L   366


count: 459 pos: 34     R   66


count: 460 pos: 0     R   365


count: 463 pos: 65     R   83


count: 464 pos: 48     R   28


count: 464 pos: 76     L   779


count: 472 pos: 97     L   597


count: 478 pos: 0     L   13


count: 478 pos: 87     R   613


count: 485 pos: 0     L   657


count: 491 pos: 43     R   18


count: 491 pos: 61     L   22


count: 491 pos: 39     L   62


count: 492 pos: 77     L   77


count: 493 pos: 0     L   84


count: 493 pos: 16     R   55


count: 493 pos: 71     R   29


count: 494 pos: 0     R   535


count: 499 pos: 35     R   56


count: 499 pos: 91     R   28


count: 500 pos: 19     L   7


count: 500 pos: 12     L   12


count: 501 pos: 0     R   37


count: 501 pos: 37     R   63


count: 502 pos: 0     R   81


count: 502 pos: 81     L   81


count: 503 pos: 0     L   31


count: 503 pos: 69     L   69


count: 504 pos: 0     R   84


count: 504 pos: 84     R   716


count: 512 pos: 0     L   40


count: 512 pos: 60     R   40


count: 513 pos: 0     L   6


count: 513 pos: 94     R   6


count: 514 pos: 0     R   53


count: 514 pos: 53     R   247


count: 517 pos: 0     R   34


count: 517 pos: 34     L   10


count: 517 pos: 24     R   76


count: 518 pos: 0     L   52


count: 518 pos: 48     L   48


count: 519 pos: 0     L   37


count: 519 pos: 63     R   64


count: 520 pos: 27     L   44


count: 521 pos: 83     L   21


count: 521 pos: 62     R   38


count: 522 pos: 0     L   41


count: 522 pos: 59     L   8


count: 522 pos: 51     R   16


count: 522 pos: 67     R   54


count: 523 pos: 21     L   82


count: 524 pos: 39     L   30


count: 524 pos: 9     R   91


count: 525 pos: 0     L   55


count: 525 pos: 45     R   54


count: 525 pos: 99     L   99


count: 526 pos: 0     R   45


count: 526 pos: 45     R   59


count: 527 pos: 4     R   31


count: 527 pos: 35     R   686


count: 534 pos: 21     L   69


count: 535 pos: 52     L   52


count: 536 pos: 0     L   2


count: 536 pos: 98     R   46


count: 537 pos: 44     L   609


count: 543 pos: 35     R   57


count: 543 pos: 92     L   1


count: 543 pos: 91     R   9


count: 544 pos: 0     L   796


count: 551 pos: 4     R   76


count: 551 pos: 80     L   28


count: 551 pos: 52     L   16


count: 551 pos: 36     R   6


count: 551 pos: 42     L   42


count: 552 pos: 0     R   2


count: 552 pos: 2     L   39


count: 553 pos: 63     L   49


count: 553 pos: 14     R   843


count: 561 pos: 57     R   64


count: 562 pos: 21     R   61


count: 562 pos: 82     R   99


count: 563 pos: 81     R   19


count: 564 pos: 0     L   165


count: 565 pos: 35     R   65


count: 566 pos: 0     L   37


count: 566 pos: 63     L   12


count: 566 pos: 51     L   51


count: 567 pos: 0     L   145


count: 568 pos: 55     L   55


count: 569 pos: 0     R   56


count: 569 pos: 56     R   56


count: 570 pos: 12     R   54


count: 570 pos: 66     R   226


count: 572 pos: 92     R   8


count: 573 pos: 0     L   91


count: 573 pos: 9     R   91


count: 574 pos: 0     L   92


count: 574 pos: 8     R   892


count: 583 pos: 0     R   3


count: 583 pos: 3     L   3


count: 584 pos: 0     L   57


count: 584 pos: 43     R   457


count: 589 pos: 0     R   81


count: 589 pos: 81     R   18


count: 589 pos: 99     R   62


count: 590 pos: 61     L   39


count: 590 pos: 22     R   578


count: 596 pos: 0     R   43


count: 596 pos: 43     R   957


count: 606 pos: 0     L   14


count: 606 pos: 86     R   51


count: 607 pos: 37     R   84


count: 608 pos: 21     R   43


count: 608 pos: 64     R   7


count: 608 pos: 71     L   11


count: 608 pos: 60     R   1


count: 608 pos: 61     R   39


count: 609 pos: 0     L   94


count: 609 pos: 6     L   6


count: 610 pos: 0     R   52


count: 610 pos: 52     L   37


count: 610 pos: 15     R   48


count: 610 pos: 63     R   37


count: 611 pos: 0     L   10


count: 611 pos: 90     R   51


count: 612 pos: 41     R   44


count: 612 pos: 85     L   85


count: 613 pos: 0     L   6


count: 613 pos: 94     L   6


count: 613 pos: 88     R   68


count: 614 pos: 56     L   54


count: 614 pos: 2     L   41


count: 615 pos: 61     R   79


count: 616 pos: 40     L   63


count: 617 pos: 77     L   77


count: 618 pos: 0     R   11


count: 618 pos: 11     R   33


count: 618 pos: 44     L   4


count: 618 pos: 40     R   280


count: 621 pos: 20     L   20


count: 622 pos: 0     R   24


count: 622 pos: 24     L   524


count: 628 pos: 0     R   41


count: 628 pos: 41     L   41


count: 629 pos: 0     L   71


count: 629 pos: 29     L   29


count: 630 pos: 0     R   49


count: 630 pos: 49     L   92


count: 631 pos: 57     L   97


count: 632 pos: 60     L   60


count: 633 pos: 0     R   13


count: 633 pos: 13     L   57


count: 634 pos: 56     L   56


count: 635 pos: 0     R   89


count: 635 pos: 89     R   11


count: 636 pos: 0     L   75


count: 636 pos: 25     R   375


count: 640 pos: 0     L   23


count: 640 pos: 77     L   575


count: 645 pos: 2     R   34


count: 645 pos: 36     L   258


count: 648 pos: 78     L   655


count: 654 pos: 23     R   765


count: 661 pos: 88     L   88


count: 662 pos: 0     R   29


count: 662 pos: 29     R   56


count: 662 pos: 85     L   338


count: 665 pos: 47     R   60


count: 666 pos: 7     L   96


count: 667 pos: 11     L   11


count: 668 pos: 0     L   27


count: 668 pos: 73     R   495


count: 673 pos: 68     L   10


count: 673 pos: 58     L   58


count: 674 pos: 0     L   85


count: 674 pos: 15     L   6


count: 674 pos: 9     R   65


count: 674 pos: 74     R   52


count: 675 pos: 26     L   449


count: 680 pos: 77     R   330


count: 684 pos: 7     L   75


count: 685 pos: 32     L   77


count: 686 pos: 55     R   98


count: 687 pos: 53     L   53


count: 688 pos: 0     L   23


count: 688 pos: 77     R   23


count: 689 pos: 0     R   23


count: 689 pos: 23     R   17


count: 689 pos: 40     L   40


count: 690 pos: 0     L   49


count: 690 pos: 51     R   92


count: 691 pos: 43     L   10


count: 691 pos: 33     L   562


count: 697 pos: 71     L   20


count: 697 pos: 51     L   51


count: 698 pos: 0     R   475


count: 702 pos: 75     L   40


count: 702 pos: 35     R   589


count: 708 pos: 24     R   13


count: 708 pos: 37     L   50


count: 709 pos: 87     R   91


count: 710 pos: 78     L   70


count: 710 pos: 8     R   195


count: 712 pos: 3     L   203


count: 715 pos: 0     L   74


count: 715 pos: 26     L   99


count: 716 pos: 27     L   27


count: 717 pos: 0     R   95


count: 717 pos: 95     R   8


count: 718 pos: 3     L   71


count: 719 pos: 32     R   62


count: 719 pos: 94     R   78


count: 720 pos: 72     L   37


count: 720 pos: 35     R   65


count: 721 pos: 0     R   67


count: 721 pos: 67     L   29


count: 721 pos: 38     L   38


count: 722 pos: 0     L   58


count: 722 pos: 42     L   81


count: 723 pos: 61     R   31


count: 723 pos: 92     R   15


count: 724 pos: 7     R   99


count: 725 pos: 6     R   694


count: 732 pos: 0     R   86


count: 732 pos: 86     R   62


count: 733 pos: 48     L   36


count: 733 pos: 12     R   56


count: 733 pos: 68     L   80


count: 734 pos: 88     R   7


count: 734 pos: 95     R   41


count: 735 pos: 36     L   22


count: 735 pos: 14     R   86


count: 736 pos: 0     L   70


count: 736 pos: 30     L   15


count: 736 pos: 15     L   77


count: 737 pos: 38     L   138


count: 739 pos: 0     L   48


count: 739 pos: 52     L   75


count: 740 pos: 77     L   46


count: 740 pos: 31     R   169


count: 742 pos: 0     R   41


count: 742 pos: 41     R   547


count: 747 pos: 88     L   88


count: 748 pos: 0     R   388


count: 751 pos: 88     L   443


count: 755 pos: 45     L   45


count: 756 pos: 0     L   134


count: 757 pos: 66     R   34


count: 758 pos: 0     L   92


count: 758 pos: 8     L   708


count: 766 pos: 0     L   68


count: 766 pos: 32     R   911


count: 775 pos: 43     L   93


count: 776 pos: 50     L   50


count: 777 pos: 0     R   14


count: 777 pos: 14     R   73


count: 777 pos: 87     L   80


count: 777 pos: 7     L   7


count: 778 pos: 0     R   85


count: 778 pos: 85     R   42


count: 779 pos: 27     R   673


count: 786 pos: 0     R   80


count: 786 pos: 80     R   40


count: 787 pos: 20     L   87


count: 788 pos: 33     R   34


count: 788 pos: 67     L   77


count: 789 pos: 90     R   39


count: 790 pos: 29     R   32


count: 790 pos: 61     L   28


count: 790 pos: 33     L   33


count: 791 pos: 0     L   89


count: 791 pos: 11     R   89


count: 792 pos: 0     R   76


count: 792 pos: 76     L   76


count: 793 pos: 0     R   46


count: 793 pos: 46     L   946


count: 803 pos: 0     R   44


count: 803 pos: 44     L   44


count: 804 pos: 0     R   20


count: 804 pos: 20     R   80


count: 805 pos: 0     L   92


count: 805 pos: 8     L   8


count: 806 pos: 0     R   49


count: 806 pos: 49     R   44


count: 806 pos: 93     R   96


count: 807 pos: 89     L   4


count: 807 pos: 85     L   85


count: 808 pos: 0     L   84


count: 808 pos: 16     L   16


count: 809 pos: 0     R   512


count: 814 pos: 12     L   7


count: 814 pos: 5     L   5


count: 815 pos: 0     L   68


count: 815 pos: 32     L   832


count: 824 pos: 0     L   20


count: 824 pos: 80     R   220


count: 827 pos: 0     L   69


count: 827 pos: 31     L   96


count: 828 pos: 35     R   66


count: 829 pos: 1     R   53


count: 829 pos: 54     R   37


count: 829 pos: 91     R   9


count: 830 pos: 0     R   211


count: 832 pos: 11     L   11


count: 833 pos: 0     R   19


count: 833 pos: 19     L   419


count: 838 pos: 0     R   10


count: 838 pos: 10     R   266


count: 840 pos: 76     R   20


count: 840 pos: 96     L   96


count: 841 pos: 0     L   67


count: 841 pos: 33     R   67


count: 842 pos: 0     L   6


count: 842 pos: 94     L   22


count: 842 pos: 72     L   75


count: 843 pos: 97     L   17


count: 843 pos: 80     L   32


count: 843 pos: 48     L   583


count: 849 pos: 65     R   83


count: 850 pos: 48     L   448


count: 855 pos: 0     L   35


count: 855 pos: 65     L   47


count: 855 pos: 18     L   78


count: 856 pos: 40     L   73


count: 857 pos: 67     L   367


count: 861 pos: 0     R   519


count: 866 pos: 19     R   81


count: 867 pos: 0     L   887


count: 875 pos: 13     L   51


count: 876 pos: 62     L   62


count: 877 pos: 0     R   47


count: 877 pos: 47     L   96


count: 878 pos: 51     L   935


count: 887 pos: 16     R   73


count: 887 pos: 89     R   62


count: 888 pos: 51     L   51


count: 889 pos: 0     R   21


count: 889 pos: 21     L   85


count: 890 pos: 36     R   49


count: 890 pos: 85     L   285


count: 893 pos: 0     L   37


count: 893 pos: 63     R   47


count: 894 pos: 10     R   69


count: 894 pos: 79     L   42


count: 894 pos: 37     R   72


count: 895 pos: 9     R   65


count: 895 pos: 74     L   81


count: 896 pos: 93     R   67


count: 897 pos: 60     R   292


count: 900 pos: 52     R   16


count: 900 pos: 68     L   68


count: 901 pos: 0     R   28


count: 901 pos: 28     L   82


count: 902 pos: 46     L   46


count: 903 pos: 0     L   98


count: 903 pos: 2     R   98


count: 904 pos: 0     L   318


count: 907 pos: 82     R   18


count: 908 pos: 0     L   43


count: 908 pos: 57     R   31


count: 908 pos: 88     L   88


count: 909 pos: 0     R   94


count: 909 pos: 94     L   292


count: 911 pos: 2     R   5


count: 911 pos: 7     R   93


count: 912 pos: 0     R   66


count: 912 pos: 66     L   70


count: 913 pos: 96     R   4


count: 914 pos: 0     L   29


count: 914 pos: 71     L   98


count: 915 pos: 73     L   39


count: 915 pos: 34     R   266


count: 918 pos: 0     L   903


count: 927 pos: 97     L   21


count: 927 pos: 76     L   40


count: 927 pos: 36     R   64


count: 928 pos: 0     L   735


count: 935 pos: 65     L   19


count: 935 pos: 46     R   54


count: 936 pos: 0     R   563


count: 941 pos: 63     R   737


count: 949 pos: 0     R   454


count: 953 pos: 54     R   55


count: 954 pos: 9     L   70


count: 955 pos: 39     L   39


count: 956 pos: 0     R   39


count: 956 pos: 39     L   7


count: 956 pos: 32     R   71


count: 957 pos: 3     L   3


count: 958 pos: 0     L   13


count: 958 pos: 87     R   1


count: 958 pos: 88     R   153


count: 960 pos: 41     L   88


count: 961 pos: 53     L   53


count: 962 pos: 0     L   45


count: 962 pos: 55     L   55


count: 963 pos: 0     R   397


count: 966 pos: 97     R   97


count: 967 pos: 94     L   536


count: 972 pos: 58     L   58


count: 973 pos: 0     R   847


count: 981 pos: 47     R   52


count: 981 pos: 99     L   299


count: 984 pos: 0     R   91


count: 984 pos: 91     R   9


count: 985 pos: 0     R   49


count: 985 pos: 49     R   51


count: 986 pos: 0     R   67


count: 986 pos: 67     L   51


count: 986 pos: 16     L   79


count: 987 pos: 37     L   490


count: 992 pos: 47     R   96


count: 993 pos: 43     L   243


count: 996 pos: 0     R   45


count: 996 pos: 45     R   73


count: 997 pos: 18     L   63


count: 998 pos: 55     L   23


count: 998 pos: 32     R   968


count: 1008 pos: 0     R   27


count: 1008 pos: 27     R   173


count: 1010 pos: 0     L   7


count: 1010 pos: 93     L   35


count: 1010 pos: 58     R   58


count: 1011 pos: 16     R   84


count: 1012 pos: 0     R   11


count: 1012 pos: 11     R   89


count: 1013 pos: 0     R   81


count: 1013 pos: 81     L   20


count: 1013 pos: 61     L   95


count: 1014 pos: 66     L   66


count: 1015 pos: 0     L   326


count: 1018 pos: 74     L   74


count: 1019 pos: 0     R   70


count: 1019 pos: 70     R   30


count: 1020 pos: 0     L   152


count: 1021 pos: 48     R   52


count: 1022 pos: 0     R   559


count: 1027 pos: 59     R   341


count: 1031 pos: 0     R   96


count: 1031 pos: 96     L   687


count: 1037 pos: 9     L   9


count: 1038 pos: 0     L   28


count: 1038 pos: 72     R   373


count: 1042 pos: 45     R   73


count: 1043 pos: 18     R   91


count: 1044 pos: 9     R   102


count: 1045 pos: 11     L   22


count: 1046 pos: 89     R   211


count: 1049 pos: 0     R   97


count: 1049 pos: 97     L   835


count: 1057 pos: 62     L   62


count: 1058 pos: 0     L   4


count: 1058 pos: 96     L   69


count: 1058 pos: 27     L   68


count: 1059 pos: 59     L   85


count: 1060 pos: 74     R   397


count: 1064 pos: 71     L   54


count: 1064 pos: 17     L   17


count: 1065 pos: 0     L   2


count: 1065 pos: 98     L   98


count: 1066 pos: 0     R   34


count: 1066 pos: 34     R   366


count: 1070 pos: 0     R   61


count: 1070 pos: 61     L   61


count: 1071 pos: 0     R   15


count: 1071 pos: 15     L   81


count: 1072 pos: 34     R   3


count: 1072 pos: 37     L   645


count: 1079 pos: 92     L   16


count: 1079 pos: 76     R   24


count: 1080 pos: 0     L   263


count: 1082 pos: 37     R   63


count: 1083 pos: 0     R   44


count: 1083 pos: 44     R   56


count: 1084 pos: 0     R   43


count: 1084 pos: 43     L   43


count: 1085 pos: 0     L   59


count: 1085 pos: 41     L   309


count: 1088 pos: 32     R   68


count: 1089 pos: 0     R   73


count: 1089 pos: 73     R   62


count: 1090 pos: 35     R   97


count: 1091 pos: 32     R   68


count: 1092 pos: 0     R   2


count: 1092 pos: 2     L   2


count: 1093 pos: 0     L   65


count: 1093 pos: 35     L   80


count: 1094 pos: 55     L   69


count: 1095 pos: 86     R   14


count: 1096 pos: 0     L   7


count: 1096 pos: 93     L   93


count: 1097 pos: 0     R   47


count: 1097 pos: 47     L   58


count: 1098 pos: 89     R   245


count: 1101 pos: 34     R   66


count: 1102 pos: 0     L   12


count: 1102 pos: 88     L   88


count: 1103 pos: 0     L   67


count: 1103 pos: 33     L   47


count: 1104 pos: 86     L   586


count: 1110 pos: 0     R   90


count: 1110 pos: 90     L   9


count: 1110 pos: 81     L   797


count: 1118 pos: 84     L   84


count: 1119 pos: 0     R   920


count: 1128 pos: 20     R   80


count: 1129 pos: 0     R   836


count: 1137 pos: 36     R   64


count: 1138 pos: 0     R   99


count: 1138 pos: 99     L   799


count: 1146 pos: 0     R   394


count: 1149 pos: 94     L   294


count: 1152 pos: 0     R   69


count: 1152 pos: 69     L   569


count: 1158 pos: 0     L   26


count: 1158 pos: 74     R   26


count: 1159 pos: 0     L   66


count: 1159 pos: 34     R   7


count: 1159 pos: 41     L   16


count: 1159 pos: 25     L   251


count: 1162 pos: 74     R   21


count: 1162 pos: 95     R   5


count: 1163 pos: 0     L   56


count: 1163 pos: 44     L   144


count: 1165 pos: 0     L   52


count: 1165 pos: 48     R   99


count: 1166 pos: 47     L   93


count: 1167 pos: 54     L   54


count: 1168 pos: 0     L   31


count: 1168 pos: 69     R   31


count: 1169 pos: 0     L   99


count: 1169 pos: 1     L   401


count: 1174 pos: 0     L   8


count: 1174 pos: 92     R   18


count: 1175 pos: 10     L   10


count: 1176 pos: 0     L   8


count: 1176 pos: 92     R   47


count: 1177 pos: 39     L   39


count: 1178 pos: 0     L   37


count: 1178 pos: 63     R   37


count: 1179 pos: 0     L   519


count: 1184 pos: 81     R   69


count: 1185 pos: 50     R   77


count: 1186 pos: 27     L   69


count: 1187 pos: 58     L   90


count: 1188 pos: 68     R   49


count: 1189 pos: 17     L   17


count: 1190 pos: 0     R   49


count: 1190 pos: 49     R   43


count: 1190 pos: 92     R   8


count: 1191 pos: 0     L   38


count: 1191 pos: 62     L   19


count: 1191 pos: 43     R   57


count: 1192 pos: 0     R   35


count: 1192 pos: 35     L   35


count: 1193 pos: 0     L   347


count: 1196 pos: 53     L   2


count: 1196 pos: 51     L   217


count: 1198 pos: 34     R   661


count: 1204 pos: 95     L   562


count: 1209 pos: 33     L   317


count: 1212 pos: 16     R   3


count: 1212 pos: 19     R   36


count: 1212 pos: 55     L   52


count: 1212 pos: 3     R   6


count: 1212 pos: 9     R   48


count: 1212 pos: 57     L   38


count: 1212 pos: 19     L   36


count: 1213 pos: 83     R   85


count: 1214 pos: 68     L   22


count: 1214 pos: 46     L   46


count: 1215 pos: 0     L   9


count: 1215 pos: 91     R   9


count: 1216 pos: 0     R   1


count: 1216 pos: 1     R   61


count: 1216 pos: 62     R   29


count: 1216 pos: 91     R   85


count: 1217 pos: 76     L   476


count: 1222 pos: 0     R   68


count: 1222 pos: 68     R   58


count: 1223 pos: 26     L   226


count: 1226 pos: 0     R   728


count: 1233 pos: 28     R   72


count: 1234 pos: 0     L   67


count: 1234 pos: 33     L   33


count: 1235 pos: 0     R   80


count: 1235 pos: 80     L   33


count: 1235 pos: 47     R   53


count: 1236 pos: 0     R   34


count: 1236 pos: 34     L   165


count: 1238 pos: 69     L   69


count: 1239 pos: 0     L   60


count: 1239 pos: 40     L   40


count: 1240 pos: 0     L   61


count: 1240 pos: 39     R   10


count: 1240 pos: 49     R   61


count: 1241 pos: 10     L   15


count: 1242 pos: 95     L   29


count: 1242 pos: 66     L   66


count: 1243 pos: 0     L   459


count: 1247 pos: 41     R   959


count: 1257 pos: 0     L   12


count: 1257 pos: 88     L   95


count: 1258 pos: 93     L   93


count: 1259 pos: 0     R   96


count: 1259 pos: 96     R   54


count: 1260 pos: 50     R   67


count: 1261 pos: 17     R   83


count: 1262 pos: 0     R   515


count: 1267 pos: 15     L   15


count: 1268 pos: 0     R   325


count: 1271 pos: 25     L   25


count: 1272 pos: 0     L   66


count: 1272 pos: 34     L   634


count: 1279 pos: 0     R   51


count: 1279 pos: 51     R   449


count: 1284 pos: 0     R   52


count: 1284 pos: 52     R   11


count: 1284 pos: 63     L   63


count: 1285 pos: 0     L   35


count: 1285 pos: 65     R   48


count: 1286 pos: 13     R   50


count: 1286 pos: 63     R   78


count: 1287 pos: 41     R   2


count: 1287 pos: 43     L   19


count: 1287 pos: 24     R   253


count: 1289 pos: 77     R   19


count: 1289 pos: 96     L   12


count: 1289 pos: 84     R   16


count: 1290 pos: 0     L   28


count: 1290 pos: 72     L   72


count: 1291 pos: 0     L   29


count: 1291 pos: 71     L   71


count: 1292 pos: 0     L   81


count: 1292 pos: 19     L   19


count: 1293 pos: 0     R   72


count: 1293 pos: 72     R   28


count: 1294 pos: 0     R   99


count: 1294 pos: 99     R   92


count: 1295 pos: 91     R   81


count: 1296 pos: 72     R   28


count: 1297 pos: 0     R   246


count: 1299 pos: 46     R   79


count: 1300 pos: 25     R   24


count: 1300 pos: 49     L   4


count: 1300 pos: 45     L   45


count: 1301 pos: 0     R   31


count: 1301 pos: 31     L   12


count: 1301 pos: 19     L   294


count: 1304 pos: 25     L   25


count: 1305 pos: 0     R   665


count: 1311 pos: 65     R   35


count: 1312 pos: 0     L   42


count: 1312 pos: 58     L   55


count: 1312 pos: 3     R   47


count: 1312 pos: 50     L   904


count: 1321 pos: 46     L   2


count: 1321 pos: 44     R   56


count: 1322 pos: 0     R   43


count: 1322 pos: 43     R   88


count: 1323 pos: 31     L   31


count: 1324 pos: 0     L   2


count: 1324 pos: 98     R   382


count: 1328 pos: 80     L   80


count: 1329 pos: 0     L   3


count: 1329 pos: 97     R   98


count: 1330 pos: 95     L   21


count: 1330 pos: 74     R   484


count: 1335 pos: 58     L   44


count: 1335 pos: 14     L   14


count: 1336 pos: 0     L   57


count: 1336 pos: 43     L   15


count: 1336 pos: 28     R   61


count: 1336 pos: 89     L   89


count: 1337 pos: 0     R   34


count: 1337 pos: 34     L   334


count: 1341 pos: 0     L   93


count: 1341 pos: 7     L   507


count: 1347 pos: 0     L   55


count: 1347 pos: 45     L   45


count: 1348 pos: 0     R   63


count: 1348 pos: 63     R   28


count: 1348 pos: 91     L   891


count: 1357 pos: 0     R   37


count: 1357 pos: 37     L   921


count: 1366 pos: 16     R   93


count: 1367 pos: 9     L   87


count: 1368 pos: 22     L   922


count: 1378 pos: 0     L   4


count: 1378 pos: 96     L   96


count: 1379 pos: 0     R   63


count: 1379 pos: 63     L   63


count: 1380 pos: 0     L   11


count: 1380 pos: 89     L   259


count: 1382 pos: 30     L   30


count: 1383 pos: 0     L   40


count: 1383 pos: 60     L   6


count: 1383 pos: 54     R   84


count: 1384 pos: 38     R   62


count: 1385 pos: 0     R   65


count: 1385 pos: 65     L   46


count: 1385 pos: 19     R   73


count: 1385 pos: 92     L   93


count: 1386 pos: 99     L   99


count: 1387 pos: 0     L   37


count: 1387 pos: 63     R   26


count: 1387 pos: 89     L   37


count: 1387 pos: 52     L   12


count: 1387 pos: 40     L   40


count: 1388 pos: 0     R   61


count: 1388 pos: 61     L   61


count: 1389 pos: 0     L   40


count: 1389 pos: 60     L   28


count: 1389 pos: 32     R   170


count: 1391 pos: 2     R   692


count: 1397 pos: 94     L   5


count: 1397 pos: 89     L   8


count: 1397 pos: 81     L   26


count: 1397 pos: 55     R   17


count: 1397 pos: 72     L   88


count: 1398 pos: 84     L   16


count: 1398 pos: 68     L   68


count: 1399 pos: 0     L   60


count: 1399 pos: 40     R   48


count: 1399 pos: 88     R   12


count: 1400 pos: 0     R   79


count: 1400 pos: 79     L   42


count: 1400 pos: 37     L   37


count: 1401 pos: 0     R   44


count: 1401 pos: 44     R   56


count: 1402 pos: 0     R   232


count: 1404 pos: 32     R   18


count: 1404 pos: 50     L   67


count: 1405 pos: 83     L   98


count: 1406 pos: 85     L   79


count: 1406 pos: 6     R   827


count: 1414 pos: 33     R   773


count: 1422 pos: 6     R   584


count: 1427 pos: 90     R   10


count: 1428 pos: 0     L   42


count: 1428 pos: 58     L   65


count: 1429 pos: 93     R   85


count: 1430 pos: 78     R   522


count: 1436 pos: 0     L   618


count: 1442 pos: 82     L   82


count: 1443 pos: 0     L   76


count: 1443 pos: 24     L   24


count: 1444 pos: 0     L   74


count: 1444 pos: 26     R   35


count: 1444 pos: 61     L   65


count: 1445 pos: 96     R   4


count: 1446 pos: 0     R   60


count: 1446 pos: 60     R   339


count: 1449 pos: 99     L   72


count: 1449 pos: 27     R   23


count: 1449 pos: 50     R   50


count: 1450 pos: 0     L   76


count: 1450 pos: 24     L   19


count: 1450 pos: 5     R   57


count: 1450 pos: 62     R   155


count: 1452 pos: 17     R   29


count: 1452 pos: 46     L   15


count: 1452 pos: 31     R   4


count: 1452 pos: 35     L   53


count: 1453 pos: 82     R   631


count: 1460 pos: 13     R   73


count: 1460 pos: 86     R   14


count: 1461 pos: 0     R   90


count: 1461 pos: 90     R   52


count: 1462 pos: 42     L   7


count: 1462 pos: 35     L   35


count: 1463 pos: 0     R   46


count: 1463 pos: 46     R   54


count: 1464 pos: 0     R   85


count: 1464 pos: 85     L   80


count: 1464 pos: 5     R   48


count: 1464 pos: 53     R   47


count: 1465 pos: 0     R   646


count: 1471 pos: 46     R   364


count: 1475 pos: 10     L   10


count: 1476 pos: 0     R   86


count: 1476 pos: 86     L   86


count: 1477 pos: 0     L   47


count: 1477 pos: 53     R   86


count: 1478 pos: 39     L   39


count: 1479 pos: 0     L   993


count: 1488 pos: 7     R   91


count: 1488 pos: 98     L   46


count: 1488 pos: 52     L   52


count: 1489 pos: 0     R   10


count: 1489 pos: 10     R   83


count: 1489 pos: 93     L   92


count: 1489 pos: 1     L   44


count: 1490 pos: 57     R   74


count: 1491 pos: 31     R   69


count: 1492 pos: 0     L   53


count: 1492 pos: 47     R   53


count: 1493 pos: 0     L   86


count: 1493 pos: 14     R   86


count: 1494 pos: 0     R   52


count: 1494 pos: 52     L   15


count: 1494 pos: 37     R   63


count: 1495 pos: 0     R   38


count: 1495 pos: 38     L   35


count: 1495 pos: 3     R   40


count: 1495 pos: 43     R   548


count: 1500 pos: 91     L   95


count: 1501 pos: 96     L   988


count: 1510 pos: 8     R   192


count: 1512 pos: 0     L   7


count: 1512 pos: 93     R   66


count: 1513 pos: 59     R   41


count: 1514 pos: 0     R   85


count: 1514 pos: 85     R   7


count: 1514 pos: 92     L   77


count: 1514 pos: 15     L   51


count: 1515 pos: 64     R   88


count: 1516 pos: 52     R   48


count: 1517 pos: 0     L   36


count: 1517 pos: 64     R   44


count: 1518 pos: 8     R   630


count: 1524 pos: 38     L   38


count: 1525 pos: 0     R   729


count: 1532 pos: 29     R   264


count: 1534 pos: 93     R   126


count: 1536 pos: 19     L   74


count: 1537 pos: 45     L   98


count: 1538 pos: 47     L   23


count: 1538 pos: 24     R   80


count: 1539 pos: 4     R   196


count: 1541 pos: 0     R   6


count: 1541 pos: 6     R   94


count: 1542 pos: 0     L   51


count: 1542 pos: 49     R   51


count: 1543 pos: 0     L   85


count: 1543 pos: 15     R   2


count: 1543 pos: 17     L   17


count: 1544 pos: 0     R   85


count: 1544 pos: 85     L   89


count: 1545 pos: 96     L   96


count: 1546 pos: 0     L   3


count: 1546 pos: 97     L   49


count: 1546 pos: 48     L   845


count: 1554 pos: 3     R   62


count: 1554 pos: 65     L   60


count: 1554 pos: 5     L   811


count: 1563 pos: 94     L   208


count: 1565 pos: 86     R   6


count: 1565 pos: 92     R   22


count: 1566 pos: 14     R   20


count: 1566 pos: 34     R   62


count: 1566 pos: 96     L   92


count: 1566 pos: 4     R   96


count: 1567 pos: 0     R   362


count: 1570 pos: 62     L   493


count: 1575 pos: 69     R   10


count: 1575 pos: 79     R   21


count: 1576 pos: 0     R   61


count: 1576 pos: 61     L   861


count: 1585 pos: 0     L   1


count: 1585 pos: 99     R   53


count: 1586 pos: 52     L   852


count: 1595 pos: 0     L   80


count: 1595 pos: 20     L   20


count: 1596 pos: 0     R   90


count: 1596 pos: 90     L   597


count: 1602 pos: 93     R   807


count: 1611 pos: 0     L   14


count: 1611 pos: 86     L   33


count: 1611 pos: 53     L   40


count: 1611 pos: 13     R   87


count: 1612 pos: 0     R   60


count: 1612 pos: 60     R   96


count: 1613 pos: 56     R   44


count: 1614 pos: 0     R   3


count: 1614 pos: 3     L   59


count: 1615 pos: 44     R   820


count: 1623 pos: 64     L   95


count: 1624 pos: 69     L   169


count: 1626 pos: 0     R   65


count: 1626 pos: 65     R   1


count: 1626 pos: 66     L   37


count: 1626 pos: 29     L   48


count: 1627 pos: 81     L   638


count: 1633 pos: 43     R   31


count: 1633 pos: 74     R   51


count: 1634 pos: 25     R   10


count: 1634 pos: 35     L   35


count: 1635 pos: 0     L   96


count: 1635 pos: 4     R   57


count: 1635 pos: 61     R   39


count: 1636 pos: 0     L   29


count: 1636 pos: 71     R   29


count: 1637 pos: 0     R   80


count: 1637 pos: 80     L   67


count: 1637 pos: 13     L   46


count: 1638 pos: 67     R   33


count: 1639 pos: 0     L   19


count: 1639 pos: 81     R   19


count: 1640 pos: 0     L   950


count: 1649 pos: 50     L   130


count: 1650 pos: 20     L   39


count: 1651 pos: 81     R   92


count: 1652 pos: 73     L   1


count: 1652 pos: 72     L   30


count: 1652 pos: 42     L   72


count: 1653 pos: 70     L   70


count: 1654 pos: 0     R   202


count: 1656 pos: 2     R   98


count: 1657 pos: 0     R   29


count: 1657 pos: 29     L   90


count: 1658 pos: 39     R   61


count: 1659 pos: 0     R   152


count: 1660 pos: 52     L   25


count: 1660 pos: 27     L   28


count: 1661 pos: 99     L   99


count: 1662 pos: 0     L   15


count: 1662 pos: 85     R   90


count: 1663 pos: 75     R   38


count: 1664 pos: 13     L   13


count: 1665 pos: 0     R   810


count: 1673 pos: 10     R   90


count: 1674 pos: 0     L   50


count: 1674 pos: 50     L   2


count: 1674 pos: 48     R   15


count: 1674 pos: 63     L   63


count: 1675 pos: 0     L   20


count: 1675 pos: 80     R   20


count: 1676 pos: 0     L   3


count: 1676 pos: 97     L   97


count: 1677 pos: 0     R   98


count: 1677 pos: 98     R   70


count: 1678 pos: 68     R   31


count: 1678 pos: 99     R   16


count: 1679 pos: 15     L   84


count: 1680 pos: 31     L   3


count: 1680 pos: 28     R   72


count: 1681 pos: 0     L   57


count: 1681 pos: 43     R   957


count: 1691 pos: 0     R   5


count: 1691 pos: 5     R   8


count: 1691 pos: 13     L   84


count: 1692 pos: 29     R   71


count: 1693 pos: 0     R   70


count: 1693 pos: 70     R   62


count: 1694 pos: 32     R   84


count: 1695 pos: 16     R   84


count: 1696 pos: 0     L   50


count: 1696 pos: 50     R   30


count: 1696 pos: 80     R   548


count: 1702 pos: 28     R   272


count: 1705 pos: 0     R   295


count: 1707 pos: 95     L   370


count: 1710 pos: 25     L   59


count: 1711 pos: 66     L   66


count: 1712 pos: 0     R   80


count: 1712 pos: 80     L   91


count: 1713 pos: 89     R   81


count: 1714 pos: 70     L   66


count: 1714 pos: 4     R   536


count: 1719 pos: 40     L   40


count: 1720 pos: 0     L   99


count: 1720 pos: 1     L   291


count: 1723 pos: 10     L   94


count: 1724 pos: 16     R   46


count: 1724 pos: 62     R   86


count: 1725 pos: 48     L   46


count: 1725 pos: 2     R   98


count: 1726 pos: 0     L   7


count: 1726 pos: 93     R   5


count: 1726 pos: 98     R   231


count: 1729 pos: 29     L   265


count: 1732 pos: 64     R   33


count: 1732 pos: 97     L   78


count: 1732 pos: 19     L   71


count: 1733 pos: 48     L   44


count: 1733 pos: 4     R   55


count: 1733 pos: 59     L   51


count: 1733 pos: 8     R   61


count: 1733 pos: 69     R   31


count: 1734 pos: 0     L   81


count: 1734 pos: 19     L   80


count: 1735 pos: 39     R   39


count: 1735 pos: 78     L   51


count: 1735 pos: 27     R   58


count: 1735 pos: 85     R   87


count: 1736 pos: 72     R   10


count: 1736 pos: 82     R   915


count: 1745 pos: 97     L   911


count: 1754 pos: 86     L   86


count: 1755 pos: 0     L   338


count: 1758 pos: 62     R   48


count: 1759 pos: 10     R   77


count: 1759 pos: 87     R   41


count: 1760 pos: 28     L   72


count: 1761 pos: 56     R   97


count: 1762 pos: 53     R   758


count: 1770 pos: 11     L   64


count: 1771 pos: 47     R   571


count: 1777 pos: 18     R   82


count: 1778 pos: 0     L   13


count: 1778 pos: 87     L   15


count: 1778 pos: 72     R   28


count: 1779 pos: 0     L   69


count: 1779 pos: 31     L   31


count: 1780 pos: 0     L   93


count: 1780 pos: 7     R   83


count: 1780 pos: 90     R   57


count: 1781 pos: 47     R   53


count: 1782 pos: 0     R   55


count: 1782 pos: 55     R   620


count: 1788 pos: 75     L   75


count: 1789 pos: 0     L   79


count: 1789 pos: 21     R   75


count: 1789 pos: 96     R   4


count: 1790 pos: 0     R   83


count: 1790 pos: 83     L   15


count: 1790 pos: 68     L   337


count: 1793 pos: 31     L   31


count: 1794 pos: 0     R   50


count: 1794 pos: 50     L   50


count: 1795 pos: 0     R   596


count: 1800 pos: 96     R   571


count: 1806 pos: 67     R   292


count: 1809 pos: 59     R   72


count: 1810 pos: 31     L   15


count: 1810 pos: 16     L   316


count: 1814 pos: 0     L   99


count: 1814 pos: 1     L   95


count: 1815 pos: 6     L   6


count: 1816 pos: 0     R   35


count: 1816 pos: 35     R   65


count: 1817 pos: 0     R   37


count: 1817 pos: 37     L   37


count: 1818 pos: 0     L   36


count: 1818 pos: 64     L   16


count: 1818 pos: 48     L   3


count: 1818 pos: 45     L   93


count: 1819 pos: 52     R   48


count: 1820 pos: 0     L   26


count: 1820 pos: 74     L   15


count: 1820 pos: 59     L   173


count: 1822 pos: 86     L   17


count: 1822 pos: 69     L   69


count: 1823 pos: 0     L   8


count: 1823 pos: 92     L   131


count: 1824 pos: 61     L   88


count: 1825 pos: 73     R   45


count: 1826 pos: 18     L   41


count: 1827 pos: 77     R   195


count: 1829 pos: 72     R   31


count: 1830 pos: 3     L   63


count: 1831 pos: 40     R   96


count: 1832 pos: 36     L   9


count: 1832 pos: 27     R   96


count: 1833 pos: 23     L   23


count: 1834 pos: 0     R   90


count: 1834 pos: 90     R   10


count: 1835 pos: 0     R   11


count: 1835 pos: 11     R   26


count: 1835 pos: 37     L   20


count: 1835 pos: 17     L   92


count: 1836 pos: 25     R   469


count: 1840 pos: 94     L   76


count: 1840 pos: 18     L   18


count: 1841 pos: 0     L   863


count: 1849 pos: 37     R   63


count: 1850 pos: 0     L   84


count: 1850 pos: 16     L   16


count: 1851 pos: 0     L   7


count: 1851 pos: 93     L   18


count: 1851 pos: 75     L   37


count: 1851 pos: 38     L   138


count: 1853 pos: 0     L   76


count: 1853 pos: 24     L   557


count: 1859 pos: 67     L   67


count: 1860 pos: 0     R   41


count: 1860 pos: 41     L   70


count: 1861 pos: 71     R   76


count: 1862 pos: 47     L   93


count: 1863 pos: 54     L   352


count: 1866 pos: 2     L   489


count: 1871 pos: 13     R   11


count: 1871 pos: 24     L   96


count: 1872 pos: 28     L   528


count: 1878 pos: 0     R   97


count: 1878 pos: 97     R   39


count: 1879 pos: 36     L   36


count: 1880 pos: 0     L   729


count: 1887 pos: 71     R   29


count: 1888 pos: 0     L   760


count: 1895 pos: 40     R   60


count: 1896 pos: 0     L   61


count: 1896 pos: 39     R   72


count: 1897 pos: 11     R   589


count: 1903 pos: 0     L   28


count: 1903 pos: 72     R   228


count: 1906 pos: 0     L   14


count: 1906 pos: 86     L   78


count: 1906 pos: 8     R   492


count: 1911 pos: 0     L   73


count: 1911 pos: 27     L   70


count: 1912 pos: 57     R   35


count: 1912 pos: 92     L   38


count: 1912 pos: 54     L   96


count: 1913 pos: 58     R   15


count: 1913 pos: 73     R   76


count: 1914 pos: 49     L   8


count: 1914 pos: 41     R   59


count: 1915 pos: 0     R   45


count: 1915 pos: 45     L   45


count: 1916 pos: 0     L   68


count: 1916 pos: 32     L   33


count: 1917 pos: 99     R   24


count: 1918 pos: 23     L   30


count: 1919 pos: 93     R   307


count: 1923 pos: 0     L   54


count: 1923 pos: 46     L   646


count: 1930 pos: 0     R   93


count: 1930 pos: 93     L   85


count: 1930 pos: 8     L   55


count: 1931 pos: 53     L   53


count: 1932 pos: 0     L   62


count: 1932 pos: 38     L   55


count: 1933 pos: 83     R   91


count: 1934 pos: 74     R   226


count: 1937 pos: 0     R   4


count: 1937 pos: 4     L   1


count: 1937 pos: 3     R   197


count: 1939 pos: 0     L   23


count: 1939 pos: 77     L   312


count: 1942 pos: 65     R   95


count: 1943 pos: 60     R   487


count: 1948 pos: 47     L   47


count: 1949 pos: 0     L   17


count: 1949 pos: 83     R   517


count: 1955 pos: 0     L   76


count: 1955 pos: 24     R   931


count: 1964 pos: 55     R   83


count: 1965 pos: 38     L   21


count: 1965 pos: 17     L   63


count: 1966 pos: 54     L   43


count: 1966 pos: 11     R   89


count: 1967 pos: 0     L   27


count: 1967 pos: 73     R   27


count: 1968 pos: 0     R   1


count: 1968 pos: 1     R   69


count: 1968 pos: 70     R   30


count: 1969 pos: 0     R   94


count: 1969 pos: 94     R   72


count: 1970 pos: 66     R   78


count: 1971 pos: 44     L   52


count: 1972 pos: 92     L   40


count: 1972 pos: 52     R   48


count: 1973 pos: 0     R   52


count: 1973 pos: 52     L   52


count: 1974 pos: 0     R   5


count: 1974 pos: 5     R   95


count: 1975 pos: 0     L   98


count: 1975 pos: 2     R   98


count: 1976 pos: 0     L   55


count: 1976 pos: 45     R   555


count: 1982 pos: 0     L   76


count: 1982 pos: 24     R   23


count: 1982 pos: 47     L   847


count: 1991 pos: 0     L   99


count: 1991 pos: 1     R   590


count: 1996 pos: 91     L   91


count: 1997 pos: 0     R   58


count: 1997 pos: 58     L   58


count: 1998 pos: 0     R   24


count: 1998 pos: 24     L   419


count: 2002 pos: 5     R   805


count: 2010 pos: 10     L   44


count: 2011 pos: 66     L   226


count: 2013 pos: 40     L   40


count: 2014 pos: 0     R   39


count: 2014 pos: 39     R   62


count: 2015 pos: 1     L   75


count: 2016 pos: 26     L   16


count: 2016 pos: 10     R   86


count: 2016 pos: 96     R   4


count: 2017 pos: 0     L   530


count: 2022 pos: 70     L   15


count: 2022 pos: 55     L   55


count: 2023 pos: 0     L   937


count: 2032 pos: 63     R   97


count: 2033 pos: 60     R   603


count: 2039 pos: 63     R   83


count: 2040 pos: 46     R   54


count: 2041 pos: 0     L   715


count: 2048 pos: 85     R   15


count: 2049 pos: 0     R   75


count: 2049 pos: 75     R   82


count: 2050 pos: 57     L   57


count: 2051 pos: 0     L   633


count: 2057 pos: 67     L   88


count: 2058 pos: 79     L   504


count: 2063 pos: 75     R   25


count: 2064 pos: 0     R   184


count: 2065 pos: 84     R   617


count: 2072 pos: 1     R   350


count: 2075 pos: 51     L   92


count: 2076 pos: 59     R   241


count: 2079 pos: 0     L   28


count: 2079 pos: 72     L   47


count: 2079 pos: 25     R   55


count: 2079 pos: 80     L   80


count: 2080 pos: 0     L   17


count: 2080 pos: 83     R   17


count: 2081 pos: 0     L   385


count: 2084 pos: 15     R   35


count: 2084 pos: 50     R   66


count: 2085 pos: 16     L   216


count: 2088 pos: 0     R   191


count: 2089 pos: 91     L   79


count: 2089 pos: 12     R   53


count: 2089 pos: 65     L   15


count: 2089 pos: 50     R   72


count: 2090 pos: 22     R   207


count: 2092 pos: 29     R   25


count: 2092 pos: 54     L   77


count: 2093 pos: 77     L   83


count: 2094 pos: 94     R   49


count: 2095 pos: 43     L   95


count: 2096 pos: 48     L   468


count: 2101 pos: 80     R   90


count: 2102 pos: 70     L   70


count: 2103 pos: 0     L   201


count: 2105 pos: 99     L   199


count: 2107 pos: 0     R   22


count: 2107 pos: 22     L   22


count: 2108 pos: 0     R   58


count: 2108 pos: 58     L   30


count: 2108 pos: 28     L   7


count: 2108 pos: 21     L   21


count: 2109 pos: 0     R   657


count: 2115 pos: 57     R   774


count: 2123 pos: 31     L   56


count: 2124 pos: 75     L   275


count: 2127 pos: 0     L   13


count: 2127 pos: 87     R   613


count: 2134 pos: 0     L   29


count: 2134 pos: 71     R   29


count: 2135 pos: 0     L   3


count: 2135 pos: 97     R   36


count: 2136 pos: 33     R   46


count: 2136 pos: 79     L   79


count: 2137 pos: 0     R   126


count: 2138 pos: 26     L   70


count: 2139 pos: 56     R   44


count: 2140 pos: 0     L   64


count: 2140 pos: 36     R   73


count: 2141 pos: 9     L   809


count: 2150 pos: 0     R   860


count: 2158 pos: 60     L   74


count: 2159 pos: 86     R   46


count: 2160 pos: 32     R   68


count: 2161 pos: 0     L   82


count: 2161 pos: 18     R   82


count: 2162 pos: 0     L   3


count: 2162 pos: 97     L   657


count: 2168 pos: 40     L   40


count: 2169 pos: 0     L   60


count: 2169 pos: 40     R   60


count: 2170 pos: 0     R   5


count: 2170 pos: 5     L   5


count: 2171 pos: 0     L   72


count: 2171 pos: 28     R   35


count: 2171 pos: 63     R   74


count: 2172 pos: 37     R   63


count: 2173 pos: 0     L   276


count: 2175 pos: 24     R   76


count: 2176 pos: 0     R   33


count: 2176 pos: 33     R   945


count: 2185 pos: 78     L   78


count: 2186 pos: 0     L   38


count: 2186 pos: 62     R   89


count: 2187 pos: 51     L   51


count: 2188 pos: 0     L   45


count: 2188 pos: 55     L   195


count: 2190 pos: 60     R   476


count: 2195 pos: 36     L   98


count: 2196 pos: 38     R   770


count: 2204 pos: 8     L   8


count: 2205 pos: 0     R   93


count: 2205 pos: 93     L   93


count: 2206 pos: 0     L   937


count: 2215 pos: 63     R   52


count: 2216 pos: 15     R   96


count: 2217 pos: 11     L   11


count: 2218 pos: 0     R   29


count: 2218 pos: 29     L   29


count: 2219 pos: 0     L   79


count: 2219 pos: 21     R   285


count: 2222 pos: 6     R   94


count: 2223 pos: 0     R   67


count: 2223 pos: 67     R   33


count: 2224 pos: 0     R   60


count: 2224 pos: 60     R   70


count: 2225 pos: 30     R   19


count: 2225 pos: 49     R   51


count: 2226 pos: 0     R   816


count: 2234 pos: 16     L   16


count: 2235 pos: 0     L   896


count: 2243 pos: 4     L   89


count: 2244 pos: 15     L   15


count: 2245 pos: 0     R   43


count: 2245 pos: 43     R   57


count: 2246 pos: 0     L   6


count: 2246 pos: 94     L   94


count: 2247 pos: 0     L   99


count: 2247 pos: 1     L   25


count: 2248 pos: 76     L   5


count: 2248 pos: 71     R   29


count: 2249 pos: 0     L   81


count: 2249 pos: 19     R   97


count: 2250 pos: 16     L   16


count: 2251 pos: 0     L   93


count: 2251 pos: 7     L   43


count: 2252 pos: 64     R   7


count: 2252 pos: 71     R   329


count: 2256 pos: 0     R   70


count: 2256 pos: 70     R   82


count: 2257 pos: 52     L   52


count: 2258 pos: 0     L   37


count: 2258 pos: 63     L   81


count: 2259 pos: 82     L   82


count: 2260 pos: 0     R   56


count: 2260 pos: 56     L   56


count: 2261 pos: 0     R   67


count: 2261 pos: 67     L   24


count: 2261 pos: 43     R   57


count: 2262 pos: 0     L   36


count: 2262 pos: 64     L   95


count: 2263 pos: 69     R   31


count: 2264 pos: 0     R   24


count: 2264 pos: 24     L   384


count: 2268 pos: 40     R   24


count: 2268 pos: 64     R   27


count: 2268 pos: 91     L   88


count: 2268 pos: 3     L   248


count: 2271 pos: 55     L   55


count: 2272 pos: 0     L   810


count: 2280 pos: 90     L   34


count: 2280 pos: 56     R   85


count: 2281 pos: 41     R   25


count: 2281 pos: 66     R   99


count: 2282 pos: 65     R   780


count: 2290 pos: 45     R   55


count: 2291 pos: 0     R   80


count: 2291 pos: 80     L   5


count: 2291 pos: 75     R   25


count: 2292 pos: 0     R   47


count: 2292 pos: 47     R   337


count: 2295 pos: 84     L   58


count: 2295 pos: 26     L   99


count: 2296 pos: 27     R   53


count: 2296 pos: 80     R   20


count: 2297 pos: 0     R   85


count: 2297 pos: 85     R   31


count: 2298 pos: 16     L   60


count: 2299 pos: 56     R   3


count: 2299 pos: 59     R   74


count: 2300 pos: 33     L   463


count: 2305 pos: 70     R   30


count: 2306 pos: 0     R   13


count: 2306 pos: 13     L   13


count: 2307 pos: 0     L   73


count: 2307 pos: 27     L   27


count: 2308 pos: 0     L   58


count: 2308 pos: 42     R   48


count: 2308 pos: 90     L   872


count: 2316 pos: 18     L   118


count: 2318 pos: 0     R   99


count: 2318 pos: 99     R   1


count: 2319 pos: 0     L   75


count: 2319 pos: 25     R   95


count: 2320 pos: 20     L   93


count: 2321 pos: 27     L   5


count: 2321 pos: 22     R   981


count: 2331 pos: 3     L   3


count: 2332 pos: 0     R   5


count: 2332 pos: 5     L   60


count: 2333 pos: 45     L   85


count: 2334 pos: 60     R   16


count: 2334 pos: 76     L   84


count: 2335 pos: 92     R   948


count: 2345 pos: 40     R   60


count: 2346 pos: 0     L   73


count: 2346 pos: 27     R   84


count: 2347 pos: 11     R   89


count: 2348 pos: 0     L   33


count: 2348 pos: 67     L   491


count: 2353 pos: 76     L   23


count: 2353 pos: 53     R   71


count: 2354 pos: 24     L   405


count: 2358 pos: 19     L   9


count: 2358 pos: 10     R   37


count: 2358 pos: 47     L   29


count: 2358 pos: 18     R   53


count: 2358 pos: 71     R   29


count: 2359 pos: 0     L   92


count: 2359 pos: 8     R   392


count: 2363 pos: 0     L   48


count: 2363 pos: 52     R   48


count: 2364 pos: 0     L   30


count: 2364 pos: 70     R   16


count: 2364 pos: 86     L   49


count: 2364 pos: 37     L   37


count: 2365 pos: 0     L   30


count: 2365 pos: 70     R   50


count: 2366 pos: 20     R   71


count: 2366 pos: 91     R   9


count: 2367 pos: 0     R   64


count: 2367 pos: 64     R   36


count: 2368 pos: 0     L   39


count: 2368 pos: 61     R   23


count: 2368 pos: 84     R   35


count: 2369 pos: 19     R   5


count: 2369 pos: 24     L   12


count: 2369 pos: 12     L   922


count: 2379 pos: 90     R   18


count: 2380 pos: 8     L   37


count: 2381 pos: 71     R   29


count: 2382 pos: 0     R   51


count: 2382 pos: 51     L   24


count: 2382 pos: 27     L   42


count: 2383 pos: 85     L   85


count: 2384 pos: 0     R   95


count: 2384 pos: 95     R   22


count: 2385 pos: 17     R   807


count: 2393 pos: 24     R   185


count: 2395 pos: 9     L   19


count: 2396 pos: 90     R   910


count: 2406 pos: 0     R   69


count: 2406 pos: 69     L   476


count: 2411 pos: 93     R   91


count: 2412 pos: 84     L   40


count: 2412 pos: 44     L   44


count: 2413 pos: 0     R   97


count: 2413 pos: 97     R   96


count: 2414 pos: 93     L   386


count: 2417 pos: 7     L   7


count: 2418 pos: 0     L   21


count: 2418 pos: 79     L   79


count: 2419 pos: 0     R   30


count: 2419 pos: 30     L   30


count: 2420 pos: 0     R   36


count: 2420 pos: 36     L   17


count: 2420 pos: 19     L   15


count: 2420 pos: 4     L   41


count: 2421 pos: 63     R   93


count: 2422 pos: 56     L   256


count: 2425 pos: 0     L   705


count: 2432 pos: 95     R   76


count: 2433 pos: 71     L   43


count: 2433 pos: 28     L   89


count: 2434 pos: 39     R   35


count: 2434 pos: 74     L   47


count: 2434 pos: 27     L   27


count: 2435 pos: 0     L   40


count: 2435 pos: 60     L   52


count: 2435 pos: 8     L   80


count: 2436 pos: 28     L   26


count: 2436 pos: 2     R   856


count: 2444 pos: 58     L   265


count: 2447 pos: 93     R   7


count: 2448 pos: 0     R   95


count: 2448 pos: 95     R   38


count: 2449 pos: 33     L   71


count: 2450 pos: 62     L   62


count: 2451 pos: 0     R   98


count: 2451 pos: 98     R   65


count: 2452 pos: 63     R   19


count: 2452 pos: 82     L   939


count: 2461 pos: 43     R   52


count: 2461 pos: 95     L   46


count: 2461 pos: 49     R   89


count: 2462 pos: 38     L   38


count: 2463 pos: 0     L   29


count: 2463 pos: 71     R   629


count: 2470 pos: 0     R   92


count: 2470 pos: 92     L   192


count: 2472 pos: 0     L   43


count: 2472 pos: 57     R   90


count: 2473 pos: 47     L   53


count: 2474 pos: 94     L   32


count: 2474 pos: 62     L   62


count: 2475 pos: 0     L   83


count: 2475 pos: 17     R   70


count: 2475 pos: 87     R   84


count: 2476 pos: 71     R   129


count: 2478 pos: 0     R   315


count: 2481 pos: 15     L   61


count: 2482 pos: 54     R   643


count: 2488 pos: 97     R   59


count: 2489 pos: 56     R   47


count: 2490 pos: 3     R   57


count: 2490 pos: 60     L   80


count: 2491 pos: 80     R   86


count: 2492 pos: 66     L   998


count: 2502 pos: 68     L   44


count: 2502 pos: 24     L   5


count: 2502 pos: 19     R   64


count: 2502 pos: 83     R   217


count: 2505 pos: 0     L   50


count: 2505 pos: 50     L   35


count: 2505 pos: 15     R   11


count: 2505 pos: 26     R   344


count: 2508 pos: 70     L   77


count: 2509 pos: 93     R   75


count: 2510 pos: 68     R   816


count: 2518 pos: 84     L   32


count: 2518 pos: 52     R   648


count: 2525 pos: 0     L   10


count: 2525 pos: 90     R   17


count: 2526 pos: 7     R   29


count: 2526 pos: 36     R   80


count: 2527 pos: 16     L   18


count: 2528 pos: 98     L   92


count: 2528 pos: 6     R   880


count: 2536 pos: 86     R   896


count: 2545 pos: 82     L   52


count: 2545 pos: 30     L   111


count: 2546 pos: 19     R   388


count: 2550 pos: 7     L   7


count: 2551 pos: 0     L   28


count: 2551 pos: 72     R   65


count: 2552 pos: 37     L   86


count: 2553 pos: 51     R   67


count: 2554 pos: 18     R   65


count: 2554 pos: 83     R   27


count: 2555 pos: 10     L   94


count: 2556 pos: 16     R   75


count: 2556 pos: 91     R   12


count: 2557 pos: 3     L   66


count: 2558 pos: 37     L   69


count: 2559 pos: 68     R   57


count: 2560 pos: 25     L   54


count: 2561 pos: 71     L   11


count: 2561 pos: 60     L   21


count: 2561 pos: 39     L   39


count: 2562 pos: 0     R   85


count: 2562 pos: 85     L   30


count: 2562 pos: 55     L   27


count: 2562 pos: 28     R   25


count: 2562 pos: 53     L   16


count: 2562 pos: 37     L   15


count: 2562 pos: 22     L   22


count: 2563 pos: 0     L   33


count: 2563 pos: 67     L   27


count: 2563 pos: 40     R   26


count: 2563 pos: 66     L   77


count: 2564 pos: 89     L   4


count: 2564 pos: 85     L   285


count: 2567 pos: 0     L   29


count: 2567 pos: 71     R   24


count: 2567 pos: 95     R   34


count: 2568 pos: 29     L   26


count: 2568 pos: 3     L   903


count: 2578 pos: 0     L   64


count: 2578 pos: 36     L   36


count: 2579 pos: 0     L   85


count: 2579 pos: 15     R   141


count: 2580 pos: 56     R   27


count: 2580 pos: 83     R   40


count: 2581 pos: 23     L   23


count: 2582 pos: 0     R   74


count: 2582 pos: 74     R   5


count: 2582 pos: 79     L   3


count: 2582 pos: 76     L   76


count: 2583 pos: 0     L   15


count: 2583 pos: 85     L   41


count: 2583 pos: 44     R   30


count: 2583 pos: 74     R   26


count: 2584 pos: 0     L   567


count: 2589 pos: 33     L   733


count: 2597 pos: 0     L   761


count: 2604 pos: 39     R   98


count: 2605 pos: 37     L   37


count: 2606 pos: 0     R   162


count: 2607 pos: 62     L   75


count: 2608 pos: 87     R   78


count: 2609 pos: 65     R   35


count: 2610 pos: 0     R   57


count: 2610 pos: 57     R   51


count: 2611 pos: 8     R   92


count: 2612 pos: 0     R   79


count: 2612 pos: 79     L   79


count: 2613 pos: 0     R   4


count: 2613 pos: 4     L   15


count: 2614 pos: 89     L   89


count: 2615 pos: 0     L   474


count: 2619 pos: 26     R   74


count: 2620 pos: 0     L   9


count: 2620 pos: 91     R   82


count: 2621 pos: 73     L   42


count: 2621 pos: 31     R   27


count: 2621 pos: 58     L   58


count: 2622 pos: 0     R   63


count: 2622 pos: 63     R   37


count: 2623 pos: 0     L   73


count: 2623 pos: 27     L   42


count: 2624 pos: 85     R   115


count: 2626 pos: 0     L   49


count: 2626 pos: 51     R   49


count: 2627 pos: 0     R   88


count: 2627 pos: 88     R   12


count: 2628 pos: 0     R   89


count: 2628 pos: 89     L   89


count: 2629 pos: 0     L   38


count: 2629 pos: 62     L   49


count: 2629 pos: 13     R   87


count: 2630 pos: 0     R   602


count: 2636 pos: 2     L   902


count: 2646 pos: 0     L   77


count: 2646 pos: 23     L   43


count: 2647 pos: 80     R   20


count: 2648 pos: 0     R   333


count: 2651 pos: 33     R   94


count: 2652 pos: 27     L   627


count: 2659 pos: 0     L   23


count: 2659 pos: 77     L   540


count: 2664 pos: 37     R   91


count: 2665 pos: 28     L   50


count: 2666 pos: 78     L   12


count: 2666 pos: 66     L   9


count: 2666 pos: 57     L   25


count: 2666 pos: 32     L   62


count: 2667 pos: 70     R   30


count: 2668 pos: 0     R   132


count: 2669 pos: 32     R   13


count: 2669 pos: 45     R   39


count: 2669 pos: 84     R   816


count: 2678 pos: 0     R   57


count: 2678 pos: 57     L   51


count: 2678 pos: 6     R   31


count: 2678 pos: 37     R   669


count: 2685 pos: 6     R   94


count: 2686 pos: 0     L   37


count: 2686 pos: 63     R   29


count: 2686 pos: 92     R   90


count: 2687 pos: 82     L   94


count: 2688 pos: 88     L   12


count: 2688 pos: 76     L   81


count: 2689 pos: 95     R   405


count: 2694 pos: 0     L   68


count: 2694 pos: 32     R   2


count: 2694 pos: 34     R   66


count: 2695 pos: 0     L   57


count: 2695 pos: 43     R   57


count: 2696 pos: 0     L   12


count: 2696 pos: 88     L   71


count: 2696 pos: 17     R   41


count: 2696 pos: 58     R   42


count: 2697 pos: 0     R   67


count: 2697 pos: 67     R   16


count: 2697 pos: 83     L   35


count: 2697 pos: 48     R   71


count: 2698 pos: 19     L   939


count: 2708 pos: 80     L   6


count: 2708 pos: 74     L   36


count: 2708 pos: 38     R   662


count: 2715 pos: 0     L   82


count: 2715 pos: 18     L   78


count: 2716 pos: 40     L   29


count: 2716 pos: 11     R   743


count: 2723 pos: 54     L   36


count: 2723 pos: 18     L   18


count: 2724 pos: 0     L   261


count: 2726 pos: 39     R   881


count: 2735 pos: 20     R   80


count: 2736 pos: 0     L   16


count: 2736 pos: 84     R   416


count: 2741 pos: 0     L   22


count: 2741 pos: 78     R   22


count: 2742 pos: 0     R   90


count: 2742 pos: 90     R   92


count: 2743 pos: 82     R   18


count: 2744 pos: 0     R   59


count: 2744 pos: 59     L   59


count: 2745 pos: 0     R   487


count: 2749 pos: 87     L   87


count: 2750 pos: 0     L   69


count: 2750 pos: 31     R   35


count: 2750 pos: 66     L   25


count: 2750 pos: 41     L   62


count: 2751 pos: 79     R   21


count: 2752 pos: 0     L   63


count: 2752 pos: 37     R   63


count: 2753 pos: 0     R   523


count: 2758 pos: 23     R   77


count: 2759 pos: 0     L   2


count: 2759 pos: 98     L   98


count: 2760 pos: 0     L   661


count: 2766 pos: 39     R   61


count: 2767 pos: 0     L   42


count: 2767 pos: 58     L   58


count: 2768 pos: 0     L   50


count: 2768 pos: 50     R   45


count: 2768 pos: 95     L   25


count: 2768 pos: 70     R   84


count: 2769 pos: 54     L   654


count: 2776 pos: 0     L   22


count: 2776 pos: 78     L   36


count: 2776 pos: 42     R   30


count: 2776 pos: 72     R   288


count: 2779 pos: 60     L   28


count: 2779 pos: 32     L   69


count: 2780 pos: 63     R   37


count: 2781 pos: 0     L   55


count: 2781 pos: 45     R   55


count: 2782 pos: 0     R   317


count: 2785 pos: 17     R   21


count: 2785 pos: 38     R   36


count: 2785 pos: 74     R   26


count: 2786 pos: 0     R   24


count: 2786 pos: 24     R   94


count: 2787 pos: 18     R   84


count: 2788 pos: 2     L   79


count: 2789 pos: 23     R   77


count: 2790 pos: 0     L   496


count: 2794 pos: 4     L   52


count: 2795 pos: 52     R   73


count: 2796 pos: 25     L   23


count: 2796 pos: 2     R   21


count: 2796 pos: 23     L   323


count: 2800 pos: 0     L   72


count: 2800 pos: 28     R   72


count: 2801 pos: 0     L   12


count: 2801 pos: 88     R   36


count: 2802 pos: 24     R   533


count: 2807 pos: 57     L   25


count: 2807 pos: 32     L   10


count: 2807 pos: 22     L   706


count: 2814 pos: 16     L   16


count: 2815 pos: 0     R   7


count: 2815 pos: 7     L   73


count: 2816 pos: 34     R   66


count: 2817 pos: 0     L   26


count: 2817 pos: 74     R   37


count: 2818 pos: 11     R   89


count: 2819 pos: 0     L   54


count: 2819 pos: 46     R   79


count: 2820 pos: 25     R   475


count: 2825 pos: 0     L   547


count: 2830 pos: 53     L   53


count: 2831 pos: 0     L   60


count: 2831 pos: 40     R   70


count: 2832 pos: 10     R   935


count: 2841 pos: 45     L   9


count: 2841 pos: 36     R   462


count: 2845 pos: 98     R   56


count: 2846 pos: 54     L   24


count: 2846 pos: 30     R   56


count: 2846 pos: 86     L   586


count: 2852 pos: 0     R   63


count: 2852 pos: 63     L   36


count: 2852 pos: 27     R   39


count: 2852 pos: 66     R   68


count: 2853 pos: 34     L   40


count: 2854 pos: 94     L   94


count: 2855 pos: 0     L   642


count: 2861 pos: 58     L   258


count: 2864 pos: 0     R   70


count: 2864 pos: 70     L   95


count: 2865 pos: 75     R   41


count: 2866 pos: 16     R   84


count: 2867 pos: 0     R   13


count: 2867 pos: 13     L   562


count: 2873 pos: 51     R   49


count: 2874 pos: 0     L   96


count: 2874 pos: 4     L   20


count: 2875 pos: 84     R   30


count: 2876 pos: 14     R   68


count: 2876 pos: 82     L   309


count: 2879 pos: 73     R   65


count: 2880 pos: 38     R   61


count: 2880 pos: 99     R   1


count: 2881 pos: 0     R   73


count: 2881 pos: 73     L   10


count: 2881 pos: 63     L   58


count: 2881 pos: 5     R   3


count: 2881 pos: 8     R   92


count: 2882 pos: 0     R   565


count: 2887 pos: 65     L   24


count: 2887 pos: 41     R   59


count: 2888 pos: 0     L   29


count: 2888 pos: 71     R   29


count: 2889 pos: 0     R   61


count: 2889 pos: 61     R   33


count: 2889 pos: 94     L   94


count: 2890 pos: 0     R   146


count: 2891 pos: 46     L   323


count: 2894 pos: 23     L   24


count: 2895 pos: 99     L   99


count: 2896 pos: 0     L   920


count: 2905 pos: 80     R   20


count: 2906 pos: 0     L   50


count: 2906 pos: 50     L   50


count: 2907 pos: 0     R   19


count: 2907 pos: 19     R   32


count: 2907 pos: 51     L   268


count: 2910 pos: 83     R   550


count: 2916 pos: 33     L   71


count: 2917 pos: 62     R   38


count: 2918 pos: 0     R   3


count: 2918 pos: 3     L   3


count: 2919 pos: 0     R   59


count: 2919 pos: 59     L   59


count: 2920 pos: 0     R   44


count: 2920 pos: 44     L   24


count: 2920 pos: 20     L   94


count: 2921 pos: 26     L   14


count: 2921 pos: 12     R   12


count: 2921 pos: 24     L   14


count: 2921 pos: 10     L   62


count: 2922 pos: 48     R   52


count: 2923 pos: 0     R   13


count: 2923 pos: 13     R   87


count: 2924 pos: 0     L   94


count: 2924 pos: 6     L   704


count: 2931 pos: 2     R   25


count: 2931 pos: 27     L   29


count: 2932 pos: 98     L   88


count: 2932 pos: 10     R   44


count: 2932 pos: 54     R   50


count: 2933 pos: 4     L   4


count: 2934 pos: 0     L   271


count: 2936 pos: 29     L   507


count: 2941 pos: 22     R   272


count: 2943 pos: 94     L   61


count: 2943 pos: 33     L   33


count: 2944 pos: 0     R   27


count: 2944 pos: 27     L   212


count: 2946 pos: 15     L   815


count: 2955 pos: 0     R   80


count: 2955 pos: 80     L   15


count: 2955 pos: 65     L   127


count: 2956 pos: 38     R   98


count: 2957 pos: 36     L   16


count: 2957 pos: 20     L   440


count: 2962 pos: 80     L   80


count: 2963 pos: 0     L   23


count: 2963 pos: 77     R   63


count: 2964 pos: 40     R   60


count: 2965 pos: 0     R   591


count: 2970 pos: 91     R   9


count: 2971 pos: 0     L   91


count: 2971 pos: 9     R   859


count: 2979 pos: 68     L   68


count: 2980 pos: 0     R   52


count: 2980 pos: 52     R   728


count: 2987 pos: 80     L   43


count: 2987 pos: 37     L   47


count: 2988 pos: 90     R   29


count: 2989 pos: 19     R   981


count: 2999 pos: 0     L   704


count: 3006 pos: 96     R   25


count: 3007 pos: 21     R   179


count: 3009 pos: 0     L   73


count: 3009 pos: 27     R   73


count: 3010 pos: 0     R   58


count: 3010 pos: 58     L   50


count: 3010 pos: 8     L   8


count: 3011 pos: 0     R   139


count: 3012 pos: 39     L   39


count: 3013 pos: 0     R   65


count: 3013 pos: 65     L   95


count: 3014 pos: 70     L   43


count: 3014 pos: 27     L   60


count: 3015 pos: 67     R   95


count: 3016 pos: 62     L   61


count: 3016 pos: 1     R   865


count: 3024 pos: 66     L   158


count: 3025 pos: 8     L   51


count: 3026 pos: 57     R   93


count: 3027 pos: 50     L   235


count: 3029 pos: 15     R   84


count: 3029 pos: 99     R   31


count: 3030 pos: 30     R   70


count: 3031 pos: 0     L   21


count: 3031 pos: 79     L   756


count: 3038 pos: 23     R   77


count: 3039 pos: 0     R   3


count: 3039 pos: 3     R   45


count: 3039 pos: 48     R   52


count: 3040 pos: 0     R   77


count: 3040 pos: 77     R   56


count: 3041 pos: 33     R   101


count: 3042 pos: 34     R   73


count: 3043 pos: 7     R   4


count: 3043 pos: 11     R   89


count: 3044 pos: 0     R   50


count: 3044 pos: 50     R   50


count: 3045 pos: 0     L   35


count: 3045 pos: 65     R   64


count: 3046 pos: 29     R   9


count: 3046 pos: 38     L   12


count: 3046 pos: 26     L   77


count: 3047 pos: 49     R   205


count: 3049 pos: 54     L   54


count: 3050 pos: 0     L   47


count: 3050 pos: 53     L   853


count: 3059 pos: 0     R   70


count: 3059 pos: 70     L   42


count: 3059 pos: 28     L   9


count: 3059 pos: 19     L   19


count: 3060 pos: 0     R   26


count: 3060 pos: 26     L   96


count: 3061 pos: 30     R   24


count: 3061 pos: 54     R   94


count: 3062 pos: 48     R   252


count: 3065 pos: 0     L   39


count: 3065 pos: 61     L   20


count: 3065 pos: 41     L   73


count: 3066 pos: 68     L   68


count: 3067 pos: 0     R   51


count: 3067 pos: 51     R   84


count: 3068 pos: 35     R   79


count: 3069 pos: 14     R   86


count: 3070 pos: 0     R   58


count: 3070 pos: 58     L   58


count: 3071 pos: 0     L   74


count: 3071 pos: 26     L   22


count: 3071 pos: 4     R   67


count: 3071 pos: 71     L   95


count: 3072 pos: 76     L   26


count: 3072 pos: 50     R   694


count: 3079 pos: 44     R   18


count: 3079 pos: 62     R   180


count: 3081 pos: 42     L   142


count: 3083 pos: 0     L   119


count: 3084 pos: 81     R   19


count: 3085 pos: 0     R   153


count: 3086 pos: 53     R   47


count: 3087 pos: 0     R   73


count: 3087 pos: 73     L   10


count: 3087 pos: 63     R   76


count: 3088 pos: 39     L   52


count: 3089 pos: 87     L   575


count: 3094 pos: 12     R   88


count: 3095 pos: 0     L   475


count: 3099 pos: 25     R   58


count: 3099 pos: 83     L   3


count: 3099 pos: 80     R   769


count: 3107 pos: 49     R   82


count: 3108 pos: 31     R   27


count: 3108 pos: 58     R   56


count: 3109 pos: 14     R   70


count: 3109 pos: 84     R   87


count: 3110 pos: 71     L   32


count: 3110 pos: 39     R   68


count: 3111 pos: 7     R   93


count: 3112 pos: 0     L   81


count: 3112 pos: 19     L   47


count: 3113 pos: 72     L   72


count: 3114 pos: 0     R   84


count: 3114 pos: 84     R   70


count: 3115 pos: 54     L   65


count: 3116 pos: 89     R   11


count: 3117 pos: 0     R   79


count: 3117 pos: 79     L   79


count: 3118 pos: 0     L   87


count: 3118 pos: 13     L   10


count: 3118 pos: 3     L   8


count: 3119 pos: 95     L   795


count: 3127 pos: 0     L   21


count: 3127 pos: 79     L   221


count: 3129 pos: 58     L   58


count: 3130 pos: 0     R   48


count: 3130 pos: 48     R   950


count: 3139 pos: 98     R   2


count: 3140 pos: 0     R   391


count: 3143 pos: 91     L   88


count: 3143 pos: 3     L   88


count: 3144 pos: 15     L   915


count: 3154 pos: 0     R   54


count: 3154 pos: 54     R   94


count: 3155 pos: 48     R   61


count: 3156 pos: 9     L   70


count: 3157 pos: 39     R   61


count: 3158 pos: 0     R   47


count: 3158 pos: 47     L   447


count: 3163 pos: 0     R   572


count: 3168 pos: 72     R   28


count: 3169 pos: 0     R   410


count: 3173 pos: 10     L   24


count: 3174 pos: 86     L   72


count: 3174 pos: 14     L   41


count: 3175 pos: 73     L   259


count: 3177 pos: 14     L   66


count: 3178 pos: 48     R   34


count: 3178 pos: 82     L   39


count: 3178 pos: 43     L   291


count: 3181 pos: 52     R   24


count: 3181 pos: 76     R   24


count: 3182 pos: 0     L   711


count: 3189 pos: 89     L   5


count: 3189 pos: 84     L   80


count: 3189 pos: 4     R   27


count: 3189 pos: 31     L   31


count: 3190 pos: 0     L   69


count: 3190 pos: 31     L   31


count: 3191 pos: 0     L   43


count: 3191 pos: 57     R   802


count: 3199 pos: 59     L   322


count: 3202 pos: 37     L   37


count: 3203 pos: 0     L   728


count: 3210 pos: 72     L   52


count: 3210 pos: 20     R   80


count: 3211 pos: 0     L   703


count: 3218 pos: 97     R   529


count: 3224 pos: 26     R   588


count: 3230 pos: 14     L   14


count: 3231 pos: 0     L   64


count: 3231 pos: 36     R   753


count: 3238 pos: 89     L   61


count: 3238 pos: 28     R   47


count: 3238 pos: 75     R   4


count: 3238 pos: 79     L   489


count: 3243 pos: 90     L   90


count: 3244 pos: 0     L   80


count: 3244 pos: 20     L   90


count: 3245 pos: 30     L   52


count: 3246 pos: 78     L   78


count: 3247 pos: 0     L   424


count: 3251 pos: 76     L   76


count: 3252 pos: 0     R   86


count: 3252 pos: 86     R   23


count: 3253 pos: 9     L   71


count: 3254 pos: 38     L   38


count: 3255 pos: 0     R   508


count: 3260 pos: 8     L   508


count: 3266 pos: 0     R   96


count: 3266 pos: 96     R   234


count: 3269 pos: 30     R   67


count: 3269 pos: 97     R   69


count: 3270 pos: 66     L   92


count: 3271 pos: 74     R   124


count: 3272 pos: 98     L   46


count: 3272 pos: 52     R   47


count: 3272 pos: 99     R   4


count: 3273 pos: 3     R   97


count: 3274 pos: 0     R   64


count: 3274 pos: 64     L   64


count: 3275 pos: 0     R   3


count: 3275 pos: 3     L   38


count: 3276 pos: 65     L   4


count: 3276 pos: 61     L   79


count: 3277 pos: 82     R   18


count: 3278 pos: 0     L   8


count: 3278 pos: 92     L   82


count: 3278 pos: 10     R   90


count: 3279 pos: 0     L   32


count: 3279 pos: 68     L   13


count: 3279 pos: 55     R   245


count: 3282 pos: 0     L   12


count: 3282 pos: 88     L   88


count: 3283 pos: 0     R   92


count: 3283 pos: 92     L   748


count: 3290 pos: 44     L   44


count: 3291 pos: 0     L   74


count: 3291 pos: 26     R   6


count: 3291 pos: 32     R   68


count: 3292 pos: 0     R   14


count: 3292 pos: 14     L   8


count: 3292 pos: 6     R   963


count: 3301 pos: 69     L   769


count: 3309 pos: 0     R   217


count: 3311 pos: 17     L   17


count: 3312 pos: 0     L   58


count: 3312 pos: 42     L   42


count: 3313 pos: 0     L   94


count: 3313 pos: 6     L   6


count: 3314 pos: 0     L   94


count: 3314 pos: 6     R   94


count: 3315 pos: 0     L   58


count: 3315 pos: 42     L   542


count: 3321 pos: 0     R   41


count: 3321 pos: 41     R   585


count: 3327 pos: 26     R   36


count: 3327 pos: 62     R   2


count: 3327 pos: 64     R   536


count: 3333 pos: 0     L   13


count: 3333 pos: 87     R   88


count: 3334 pos: 75     L   67


count: 3334 pos: 8     L   13


count: 3335 pos: 95     L   90


count: 3335 pos: 5     R   95


count: 3336 pos: 0     R   57


count: 3336 pos: 57     R   621


count: 3342 pos: 78     R   90


count: 3343 pos: 68     R   23


count: 3343 pos: 91     R   88


count: 3344 pos: 79     R   51


count: 3345 pos: 30     R   70


count: 3346 pos: 0     L   25


count: 3346 pos: 75     R   913


count: 3355 pos: 88     L   88


count: 3356 pos: 0     L   22


count: 3356 pos: 78     L   578


count: 3362 pos: 0     R   65


count: 3362 pos: 65     L   865


count: 3371 pos: 0     L   965


count: 3380 pos: 35     L   23


count: 3380 pos: 12     R   97


count: 3381 pos: 9     L   29


count: 3382 pos: 80     R   52


count: 3383 pos: 32     R   68


count: 3384 pos: 0     L   63


count: 3384 pos: 37     L   639


count: 3391 pos: 98     L   779


count: 3398 pos: 19     R   27


count: 3398 pos: 46     R   62


count: 3399 pos: 8     R   803


count: 3407 pos: 11     R   52


count: 3407 pos: 63     R   37


count: 3408 pos: 0     R   27


count: 3408 pos: 27     R   973


count: 3418 pos: 0     L   56


count: 3418 pos: 44     R   56


count: 3419 pos: 0     L   17


count: 3419 pos: 83     R   96


count: 3420 pos: 79     L   408


count: 3424 pos: 71     R   31


count: 3425 pos: 2     L   63


count: 3426 pos: 39     R   55


count: 3426 pos: 94     R   6


count: 3427 pos: 0     R   29


count: 3427 pos: 29     R   9


count: 3427 pos: 38     R   4


count: 3427 pos: 42     R   11


count: 3427 pos: 53     R   47


count: 3428 pos: 0     R   28


count: 3428 pos: 28     R   84


count: 3429 pos: 12     R   88


count: 3430 pos: 0     R   31


count: 3430 pos: 31     L   54


count: 3431 pos: 77     R   47


count: 3432 pos: 24     R   27


count: 3432 pos: 51     L   251


count: 3435 pos: 0     R   30


count: 3435 pos: 30     R   170


count: 3437 pos: 0     R   83


count: 3437 pos: 83     R   417


count: 3442 pos: 0     L   10


count: 3442 pos: 90     L   90


count: 3443 pos: 0     L   976


count: 3452 pos: 24     R   55


count: 3452 pos: 79     R   221


count: 3455 pos: 0     R   32


count: 3455 pos: 32     R   74


count: 3456 pos: 6     L   42


count: 3457 pos: 64     R   36


count: 3458 pos: 0     L   417


count: 3462 pos: 83     R   704


count: 3469 pos: 87     R   52


count: 3470 pos: 39     R   628


count: 3476 pos: 67     L   730


count: 3483 pos: 37     R   87


count: 3484 pos: 24     L   22


count: 3484 pos: 2     L   2


count: 3485 pos: 0     L   16


count: 3485 pos: 84     R   40


count: 3486 pos: 24     R   23


count: 3486 pos: 47     R   34


count: 3486 pos: 81     L   74


count: 3486 pos: 7     L   45


count: 3487 pos: 62     L   47


count: 3487 pos: 15     R   38


count: 3487 pos: 53     R   20


count: 3487 pos: 73     L   73


count: 3488 pos: 0     R   37


count: 3488 pos: 37     L   860


count: 3497 pos: 77     L   77


count: 3498 pos: 0     L   50


count: 3498 pos: 50     L   220


count: 3500 pos: 30     L   31


count: 3501 pos: 99     R   43


count: 3502 pos: 42     R   58


count: 3503 pos: 0     L   40


count: 3503 pos: 60     L   60


count: 3504 pos: 0     R   33


count: 3504 pos: 33     L   33


count: 3505 pos: 0     L   70


count: 3505 pos: 30     R   38


count: 3505 pos: 68     L   60


count: 3505 pos: 8     R   78


count: 3505 pos: 86     R   53


count: 3506 pos: 39     L   39


count: 3507 pos: 0     L   5


count: 3507 pos: 95     L   95


count: 3508 pos: 0     L   55


count: 3508 pos: 45     L   28


count: 3508 pos: 17     R   84


count: 3509 pos: 1     L   1


count: 3510 pos: 0     R   47


count: 3510 pos: 47     R   53


count: 3511 pos: 0     L   523


count: 3516 pos: 77     R   13


count: 3516 pos: 90     L   90


count: 3517 pos: 0     R   3


count: 3517 pos: 3     L   803


count: 3526 pos: 0     L   3


count: 3526 pos: 97     R   26


count: 3527 pos: 23     R   77


count: 3528 pos: 0     L   30


count: 3528 pos: 70     R   56


count: 3529 pos: 26     L   69


count: 3530 pos: 57     L   157


count: 3532 pos: 0     R   10


count: 3532 pos: 10     R   11


count: 3532 pos: 21     L   175


count: 3534 pos: 46     R   54


count: 3535 pos: 0     R   375


count: 3538 pos: 75     R   25


count: 3539 pos: 0     L   26


count: 3539 pos: 74     R   40


count: 3540 pos: 14     R   441


count: 3544 pos: 55     R   45


count: 3545 pos: 0     R   76


count: 3545 pos: 76     R   60


count: 3546 pos: 36     R   8


count: 3546 pos: 44     R   76


count: 3547 pos: 20     L   162


count: 3549 pos: 58     R   42


count: 3550 pos: 0     L   23


count: 3550 pos: 77     R   89


count: 3551 pos: 66     R   1


count: 3551 pos: 67     L   31


count: 3551 pos: 36     L   36


count: 3552 pos: 0     R   53


count: 3552 pos: 53     L   53


count: 3553 pos: 0     L   72


count: 3553 pos: 28     L   17


count: 3553 pos: 11     L   51


count: 3554 pos: 60     R   40


count: 3555 pos: 0     R   27


count: 3555 pos: 27     R   46


count: 3555 pos: 73     R   627


count: 3562 pos: 0     L   279


count: 3564 pos: 21     L   12


count: 3564 pos: 9     R   55


count: 3564 pos: 64     R   17


count: 3564 pos: 81     L   89


count: 3565 pos: 92     R   9


count: 3566 pos: 1     L   1


count: 3567 pos: 0     R   662


count: 3573 pos: 62     L   18


count: 3573 pos: 44     L   88


count: 3574 pos: 56     L   56


count: 3575 pos: 0     L   940


count: 3584 pos: 60     R   224


count: 3586 pos: 84     L   9


count: 3586 pos: 75     L   74


count: 3586 pos: 1     R   99


count: 3587 pos: 0     L   114


count: 3588 pos: 86     R   67


count: 3589 pos: 53     R   47


count: 3590 pos: 0     R   18


count: 3590 pos: 18     R   74


count: 3590 pos: 92     R   31


count: 3591 pos: 23     L   23


count: 3592 pos: 0     R   21


count: 3592 pos: 21     L   43


count: 3593 pos: 78     R   45


count: 3594 pos: 23     R   82


count: 3595 pos: 5     R   95


count: 3596 pos: 0     L   444


count: 3600 pos: 56     R   44


count: 3601 pos: 0     R   275


count: 3603 pos: 75     L   618


count: 3609 pos: 57     L   10


count: 3609 pos: 47     L   79


count: 3610 pos: 68     R   79


count: 3611 pos: 47     L   847


count: 3620 pos: 0     R   88


count: 3620 pos: 88     L   88


count: 3621 pos: 0     L   13


count: 3621 pos: 87     R   82


count: 3622 pos: 69     R   31


count: 3623 pos: 0     L   24


count: 3623 pos: 76     R   41


count: 3624 pos: 17     R   80


count: 3624 pos: 97     R   44


count: 3625 pos: 41     L   94


count: 3626 pos: 47     L   62


count: 3627 pos: 85     L   10


count: 3627 pos: 75     L   7


count: 3627 pos: 68     R   38


count: 3628 pos: 6     L   91


count: 3629 pos: 15     L   44


count: 3630 pos: 71     R   29


count: 3631 pos: 0     L   64


count: 3631 pos: 36     L   336


count: 3635 pos: 0     L   436


count: 3639 pos: 64     L   30


count: 3639 pos: 34     L   73


count: 3640 pos: 61     R   561


count: 3646 pos: 22     L   322


count: 3650 pos: 0     R   45


count: 3650 pos: 45     R   11


count: 3650 pos: 56     L   65


count: 3651 pos: 91     L   91


count: 3652 pos: 0     R   691


count: 3658 pos: 91     R   809


count: 3667 pos: 0     R   30


count: 3667 pos: 30     R   470


count: 3672 pos: 0     R   64


count: 3672 pos: 64     L   20


count: 3672 pos: 44     R   461


count: 3677 pos: 5     R   95


count: 3678 pos: 0     R   13


count: 3678 pos: 13     L   2


count: 3678 pos: 11     L   95


count: 3679 pos: 16     R   841


count: 3687 pos: 57     R   33


count: 3687 pos: 90     L   724


count: 3694 pos: 66     R   98


count: 3695 pos: 64     L   14


count: 3695 pos: 50     L   335


count: 3698 pos: 15     L   15


count: 3699 pos: 0     R   6


count: 3699 pos: 6     R   94


count: 3700 pos: 0     L   649


count: 3706 pos: 51     L   352


count: 3710 pos: 99     R   8


count: 3711 pos: 7     R   56


count: 3711 pos: 63     R   27


count: 3711 pos: 90     L   55


count: 3711 pos: 35     R   77


count: 3712 pos: 12     R   1


count: 3712 pos: 13     R   58


count: 3712 pos: 71     L   24


count: 3712 pos: 47     L   41


count: 3712 pos: 6     L   757


count: 3720 pos: 49     R   51


count: 3721 pos: 0     L   49


count: 3721 pos: 51     R   773


count: 3729 pos: 24     R   14


count: 3729 pos: 38     R   78


count: 3730 pos: 16     L   16


count: 3731 pos: 0     R   46


count: 3731 pos: 46     L   72


count: 3732 pos: 74     R   17


count: 3732 pos: 91     L   91


count: 3733 pos: 0     L   61


count: 3733 pos: 39     R   76


count: 3734 pos: 15     R   85


count: 3735 pos: 0     L   45


count: 3735 pos: 55     R   94


count: 3736 pos: 49     R   51


count: 3737 pos: 0     L   75


count: 3737 pos: 25     L   25


count: 3738 pos: 0     R   69


count: 3738 pos: 69     R   31


count: 3739 pos: 0     R   34


count: 3739 pos: 34     L   3


count: 3739 pos: 31     R   69


count: 3740 pos: 0     L   85


count: 3740 pos: 15     R   85


count: 3741 pos: 0     L   977


count: 3750 pos: 23     R   37


count: 3750 pos: 60     R   840


count: 3759 pos: 0     R   123


count: 3760 pos: 23     R   745


count: 3767 pos: 68     L   68


count: 3768 pos: 0     R   28


count: 3768 pos: 28     R   72


count: 3769 pos: 0     L   859


count: 3777 pos: 41     L   15


count: 3777 pos: 26     L   26


count: 3778 pos: 0     R   61


count: 3778 pos: 61     L   17


count: 3778 pos: 44     R   16


count: 3778 pos: 60     R   78


count: 3779 pos: 38     L   79


count: 3780 pos: 59     L   11


count: 3780 pos: 48     L   86


count: 3781 pos: 62     L   562


count: 3787 pos: 0     R   799


count: 3794 pos: 99     L   94


count: 3794 pos: 5     L   40


count: 3795 pos: 65     L   65


count: 3796 pos: 0     R   21


count: 3796 pos: 21     L   21


count: 3797 pos: 0     L   47


count: 3797 pos: 53     R   47


count: 3798 pos: 0     R   36


count: 3798 pos: 36     L   27


count: 3798 pos: 9     L   9


count: 3799 pos: 0     R   51


count: 3799 pos: 51     L   51


count: 3800 pos: 0     L   43


count: 3800 pos: 57     R   57


count: 3801 pos: 14     L   14


count: 3802 pos: 0     R   62


count: 3802 pos: 62     R   38


count: 3803 pos: 0     R   90


count: 3803 pos: 90     L   90


count: 3804 pos: 0     R   89


count: 3804 pos: 89     R   4


count: 3804 pos: 93     L   93


count: 3805 pos: 0     R   23


count: 3805 pos: 23     R   20


count: 3805 pos: 43     R   1


count: 3805 pos: 44     R   56


count: 3806 pos: 0     R   15


count: 3806 pos: 15     L   365


count: 3810 pos: 50     R   50


count: 3811 pos: 0     L   88


count: 3811 pos: 12     R   13


count: 3811 pos: 25     L   98


count: 3812 pos: 27     R   54


count: 3812 pos: 81     L   81


count: 3813 pos: 0     L   552


count: 3818 pos: 48     L   48


count: 3819 pos: 0     R   60


count: 3819 pos: 60     R   69


count: 3820 pos: 29     R   22


count: 3820 pos: 51     R   36


count: 3820 pos: 87     L   87


count: 3821 pos: 0     R   71


count: 3821 pos: 71     L   71


count: 3822 pos: 0     R   98


count: 3822 pos: 98     R   93


count: 3823 pos: 91     L   72


count: 3823 pos: 19     L   97


count: 3824 pos: 22     R   47


count: 3824 pos: 69     R   331


count: 3828 pos: 0     L   46


count: 3828 pos: 54     R   13


count: 3828 pos: 67     R   33


count: 3829 pos: 0     R   40


count: 3829 pos: 40     R   427


count: 3833 pos: 67     L   28


count: 3833 pos: 39     L   91


count: 3834 pos: 48     R   52


count: 3835 pos: 0     R   16


count: 3835 pos: 16     L   816


count: 3844 pos: 0     L   67


count: 3844 pos: 33     R   4


count: 3844 pos: 37     L   37


count: 3845 pos: 0     L   31


count: 3845 pos: 69     R   31


count: 3846 pos: 0     L   10


count: 3846 pos: 90     L   90


count: 3847 pos: 0     L   60


count: 3847 pos: 40     R   154


count: 3848 pos: 94     R   68


count: 3849 pos: 62     L   96


count: 3850 pos: 66     R   96


count: 3851 pos: 62     L   62


count: 3852 pos: 0     R   91


count: 3852 pos: 91     R   9


count: 3853 pos: 0     L   49


count: 3853 pos: 51     L   95


count: 3854 pos: 56     R   78


count: 3855 pos: 34     L   653


count: 3862 pos: 81     R   22


count: 3863 pos: 3     R   72


count: 3863 pos: 75     R   25


count: 3864 pos: 0     L   53


count: 3864 pos: 47     L   13


count: 3864 pos: 34     R   14


count: 3864 pos: 48     L   82


count: 3865 pos: 66     R   634


count: 3872 pos: 0     L   86


count: 3872 pos: 14     L   514


count: 3878 pos: 0     L   42


count: 3878 pos: 58     R   645


count: 3885 pos: 3     R   39


count: 3885 pos: 42     L   84


count: 3886 pos: 58     L   58


count: 3887 pos: 0     L   10


count: 3887 pos: 90     L   90


count: 3888 pos: 0     R   85


count: 3888 pos: 85     L   908


count: 3897 pos: 77     L   77


count: 3898 pos: 0     L   47


count: 3898 pos: 53     R   47


count: 3899 pos: 0     L   99


count: 3899 pos: 1     L   270


count: 3902 pos: 31     L   31


count: 3903 pos: 0     R   79


count: 3903 pos: 79     L   5


count: 3903 pos: 74     R   46


count: 3904 pos: 20     L   81


count: 3905 pos: 39     L   59


count: 3906 pos: 80     R   4


count: 3906 pos: 84     R   529


count: 3912 pos: 13     R   87


count: 3913 pos: 0     L   48


count: 3913 pos: 52     R   85


count: 3914 pos: 37     L   20


count: 3914 pos: 17     R   83


count: 3915 pos: 0     L   56


count: 3915 pos: 44     L   77


count: 3916 pos: 67     R   61


count: 3917 pos: 28     L   28


count: 3918 pos: 0     L   85


count: 3918 pos: 15     L   88


count: 3919 pos: 27     L   27


count: 3920 pos: 0     R   36


count: 3920 pos: 36     R   1


count: 3920 pos: 37     R   63


count: 3921 pos: 0     R   54


count: 3921 pos: 54     R   46


count: 3922 pos: 0     R   49


count: 3922 pos: 49     L   34


count: 3922 pos: 15     R   85


count: 3923 pos: 0     L   79


count: 3923 pos: 21     R   58


count: 3923 pos: 79     R   28


count: 3924 pos: 7     R   27


count: 3924 pos: 34     L   28


count: 3924 pos: 6     L   10


count: 3925 pos: 96     R   19


count: 3926 pos: 15     L   59


count: 3927 pos: 56     R   47


count: 3928 pos: 3     L   124


count: 3930 pos: 79     R   80


count: 3931 pos: 59     L   20


count: 3931 pos: 39     R   90


count: 3932 pos: 29     R   17


count: 3932 pos: 46     R   8


count: 3932 pos: 54     L   50


count: 3932 pos: 4     R   755


count: 3939 pos: 59     L   222


count: 3941 pos: 37     R   22


count: 3941 pos: 59     R   768


count: 3949 pos: 27     L   27


count: 3950 pos: 0     L   375


count: 3953 pos: 25     L   4


count: 3953 pos: 21     R   30


count: 3953 pos: 51     R   75


count: 3954 pos: 26     L   26


count: 3955 pos: 0     L   61


count: 3955 pos: 39     L   17


count: 3955 pos: 22     R   72


count: 3955 pos: 94     L   94


count: 3956 pos: 0     R   93


count: 3956 pos: 93     L   15


count: 3956 pos: 78     L   878


count: 3965 pos: 0     L   45


count: 3965 pos: 55     L   43


count: 3965 pos: 12     R   32


count: 3965 pos: 44     R   76


count: 3966 pos: 20     R   39


count: 3966 pos: 59     R   41


count: 3967 pos: 0     R   60


count: 3967 pos: 60     R   58


count: 3968 pos: 18     R   656


count: 3974 pos: 74     L   71


count: 3974 pos: 3     L   3


count: 3975 pos: 0     L   145


count: 3976 pos: 55     L   655


count: 3983 pos: 0     R   55


count: 3983 pos: 55     R   68


count: 3984 pos: 23     R   14


count: 3984 pos: 37     L   21


count: 3984 pos: 16     L   48


count: 3985 pos: 68     R   232


count: 3988 pos: 0     L   56


count: 3988 pos: 44     R   56


count: 3989 pos: 0     L   45


count: 3989 pos: 55     R   2


count: 3989 pos: 57     R   50


count: 3990 pos: 7     R   17


count: 3990 pos: 24     L   1


count: 3990 pos: 23     L   9


count: 3990 pos: 14     L   14


count: 3991 pos: 0     R   4


count: 3991 pos: 4     R   19


count: 3991 pos: 23     L   57


count: 3992 pos: 66     L   66


count: 3993 pos: 0     L   15


count: 3993 pos: 85     R   29


count: 3994 pos: 14     R   698


count: 4001 pos: 12     L   12


count: 4002 pos: 0     R   77


count: 4002 pos: 77     L   87


count: 4003 pos: 90     R   10


count: 4004 pos: 0     L   252


count: 4006 pos: 48     L   9


count: 4006 pos: 39     R   79


count: 4007 pos: 18     L   14


count: 4007 pos: 4     R   496


count: 4012 pos: 0     R   2


count: 4012 pos: 2     R   98


count: 4013 pos: 0     L   6


count: 4013 pos: 94     L   32


count: 4013 pos: 62     R   85


count: 4014 pos: 47     R   53


count: 4015 pos: 0     L   1


count: 4015 pos: 99     L   230


count: 4017 pos: 69     L   69


count: 4018 pos: 0     L   998


count: 4027 pos: 2     L   2


count: 4028 pos: 0     L   1


count: 4028 pos: 99     L   99


count: 4029 pos: 0     R   13


count: 4029 pos: 13     L   122


count: 4031 pos: 91     R   9


count: 4032 pos: 0     L   19


count: 4032 pos: 81     R   84


count: 4033 pos: 65     L   65


count: 4034 pos: 0     R   35


count: 4034 pos: 35     R   65


count: 4035 pos: 0     L   37


count: 4035 pos: 63     R   37


count: 4036 pos: 0     L   9


count: 4036 pos: 91     L   23


count: 4036 pos: 68     L   68


count: 4037 pos: 0     L   51


count: 4037 pos: 49     R   4


count: 4037 pos: 53     R   10


count: 4037 pos: 63     R   928


count: 4046 pos: 91     R   868


count: 4055 pos: 59     R   6


count: 4055 pos: 65     L   50


count: 4055 pos: 15     R   14


count: 4055 pos: 29     R   87


count: 4056 pos: 16     L   916


count: 4066 pos: 0     R   53


count: 4066 pos: 53     R   97


count: 4067 pos: 50     R   10


count: 4067 pos: 60     R   40


count: 4068 pos: 0     R   310


count: 4071 pos: 10     R   13


count: 4071 pos: 23     R   18


count: 4071 pos: 41     L   41


count: 4072 pos: 0     R   33


count: 4072 pos: 33     L   233


count: 4075 pos: 0     R   53


count: 4075 pos: 53     L   798


count: 4083 pos: 55     R   99


count: 4084 pos: 54     L   454


count: 4089 pos: 0     L   96


count: 4089 pos: 4     L   84


count: 4090 pos: 20     R   80


count: 4091 pos: 0     L   98


count: 4091 pos: 2     L   2


count: 4092 pos: 0     R   65


count: 4092 pos: 65     L   37


count: 4092 pos: 28     R   72


count: 4093 pos: 0     R   68


count: 4093 pos: 68     R   32


count: 4094 pos: 0     L   99


count: 4094 pos: 1     L   1


count: 4095 pos: 0     L   21


count: 4095 pos: 79     R   21


count: 4096 pos: 0     L   93


count: 4096 pos: 7     L   7


count: 4097 pos: 0     R   27


count: 4097 pos: 27     R   58


count: 4097 pos: 85     R   96


count: 4098 pos: 81     L   81


count: 4099 pos: 0     L   578


count: 4104 pos: 22     L   222


count: 4107 pos: 0     R   57


count: 4107 pos: 57     L   92


count: 4108 pos: 65     R   35


count: 4109 pos: 0     L   63


count: 4109 pos: 37     R   24


count: 4109 pos: 61     L   61


count: 4110 pos: 0     L   55


count: 4110 pos: 45     R   85


count: 4111 pos: 30     L   4


count: 4111 pos: 26     L   6


count: 4111 pos: 20     R   11


count: 4111 pos: 31     L   75


count: 4112 pos: 56     L   56


count: 4113 pos: 0     R   13


count: 4113 pos: 13     L   715


count: 4121 pos: 98     L   92


count: 4121 pos: 6     R   905


count: 4130 pos: 11     L   82


count: 4131 pos: 29     R   89


count: 4132 pos: 18     R   32


count: 4132 pos: 50     R   50


count: 4133 pos: 0     L   51


count: 4133 pos: 49     L   577


count: 4139 pos: 72     R   269


count: 4142 pos: 41     R   857


count: 4150 pos: 98     R   12


count: 4151 pos: 10     L   12


count: 4152 pos: 98     L   33


count: 4152 pos: 65     L   26


count: 4152 pos: 39     L   843


count: 4161 pos: 96     L   81


count: 4161 pos: 15     L   660


count: 4168 pos: 55     R   45


count: 4169 pos: 0     L   86


count: 4169 pos: 14     R   33


count: 4169 pos: 47     L   87


count: 4170 pos: 60     L   69


count: 4171 pos: 91     R   40


count: 4172 pos: 31     R   616


count: 4178 pos: 47     R   6


count: 4178 pos: 53     L   9


count: 4178 pos: 44     R   16


count: 4178 pos: 60     L   60


count: 4179 pos: 0     R   90


count: 4179 pos: 90     L   36


count: 4179 pos: 54     L   54


count: 4180 pos: 0     R   22


count: 4180 pos: 22     R   111


count: 4181 pos: 33     R   67


count: 4182 pos: 0     L   56


count: 4182 pos: 44     L   44


count: 4183 pos: 0     R   48


count: 4183 pos: 48     L   65


count: 4184 pos: 83     L   92


count: 4185 pos: 91     R   459


count: 4190 pos: 50     L   50


count: 4191 pos: 0     L   45


count: 4191 pos: 55     L   55


count: 4192 pos: 0     R   70


count: 4192 pos: 70     L   57


count: 4192 pos: 13     L   38


count: 4193 pos: 75     R   43


count: 4194 pos: 18     R   82


count: 4195 pos: 0     R   39


count: 4195 pos: 39     R   61


count: 4196 pos: 0     L   58


count: 4196 pos: 42     L   703


count: 4203 pos: 39     R   40


count: 4203 pos: 79     L   84


count: 4204 pos: 95     R   876


count: 4213 pos: 71     L   80


count: 4214 pos: 91     R   922


count: 4224 pos: 13     R   28


count: 4224 pos: 41     L   912


count: 4233 pos: 29     L   29


count: 4234 pos: 0     R   3


count: 4234 pos: 3     R   5


count: 4234 pos: 8     R   992


count: 4244 pos: 0     R   54


count: 4244 pos: 54     L   59


count: 4245 pos: 95     R   56


count: 4246 pos: 51     R   49


count: 4247 pos: 0     R   57


count: 4247 pos: 57     L   87


count: 4248 pos: 70     L   64


count: 4248 pos: 6     L   888


count: 4257 pos: 18     R   43


count: 4257 pos: 61     R   28


count: 4257 pos: 89     L   41


count: 4257 pos: 48     L   648


count: 4264 pos: 0     R   14


count: 4264 pos: 14     L   14


count: 4265 pos: 0     R   10


count: 4265 pos: 10     L   11


count: 4266 pos: 99     L   48


count: 4266 pos: 51     L   51


count: 4267 pos: 0     L   26


count: 4267 pos: 74     R   95


count: 4268 pos: 69     L   78


count: 4269 pos: 91     L   18


count: 4269 pos: 73     L   652


count: 4275 pos: 21     R   29


count: 4275 pos: 50     R   13


count: 4275 pos: 63     L   63


count: 4276 pos: 0     L   53


count: 4276 pos: 47     R   53


count: 4277 pos: 0     L   77


count: 4277 pos: 23     L   39


count: 4278 pos: 84     R   16


count: 4279 pos: 0     L   63


count: 4279 pos: 37     L   22


count: 4279 pos: 15     R   26


count: 4279 pos: 41     R   59


count: 4280 pos: 0     R   305


count: 4283 pos: 5     R   95


count: 4284 pos: 0     R   41


count: 4284 pos: 41     R   15


count: 4284 pos: 56     R   444


count: 4289 pos: 0     L   72


count: 4289 pos: 28     R   60


count: 4289 pos: 88     R   212


count: 4292 pos: 0     R   90


count: 4292 pos: 90     L   890


count: 4301 pos: 0     L   20


count: 4301 pos: 80     R   46


count: 4302 pos: 26     R   74


count: 4303 pos: 0     R   875


count: 4311 pos: 75     L   35


count: 4311 pos: 40     L   73


count: 4312 pos: 67     L   552


count: 4317 pos: 15     L   15


count: 4318 pos: 0     L   12


count: 4318 pos: 88     R   9


count: 4318 pos: 97     R   71


count: 4319 pos: 68     L   10


count: 4319 pos: 58     R   49


count: 4320 pos: 7     R   561


count: 4325 pos: 68     L   43


count: 4325 pos: 25     L   25


count: 4326 pos: 0     L   37


count: 4326 pos: 63     R   15


count: 4326 pos: 78     L   36


count: 4326 pos: 42     R   58


count: 4327 pos: 0     R   81


count: 4327 pos: 81     R   69


count: 4328 pos: 50     R   5


count: 4328 pos: 55     R   145


count: 4330 pos: 0     L   27


count: 4330 pos: 73     L   88


count: 4331 pos: 85     L   3


count: 4331 pos: 82     L   82


count: 4332 pos: 0     L   47


count: 4332 pos: 53     L   795


count: 4340 pos: 58     R   18


count: 4340 pos: 76     L   7


count: 4340 pos: 69     R   31


count: 4341 pos: 0     R   61


count: 4341 pos: 61     R   64


count: 4342 pos: 25     L   26


count: 4343 pos: 99     R   28


count: 4344 pos: 27     L   27


count: 4345 pos: 0     L   179


count: 4346 pos: 21     L   85


count: 4347 pos: 36     L   95


count: 4348 pos: 41     L   381


count: 4352 pos: 60     L   983


count: 4362 pos: 77     R   86


count: 4363 pos: 63     R   39


count: 4364 pos: 2     R   496


count: 4368 pos: 98     R   2


count: 4369 pos: 0     R   33


count: 4369 pos: 33     R   63


count: 4369 pos: 96     L   96


count: 4370 pos: 0     L   64


count: 4370 pos: 36     L   4


count: 4370 pos: 32     R   92


count: 4371 pos: 24     R   57


count: 4371 pos: 81     L   81


count: 4372 pos: 0     L   93


count: 4372 pos: 7     R   4


count: 4372 pos: 11     L   91


count: 4373 pos: 20     R   64


count: 4373 pos: 84     R   39


count: 4374 pos: 23     R   98


count: 4375 pos: 21     L   46


count: 4376 pos: 75     L   91


count: 4377 pos: 84     L   52


count: 4377 pos: 32     R   91


count: 4378 pos: 23     L   423


count: 4383 pos: 0     L   68


count: 4383 pos: 32     L   932


count: 4393 pos: 0     L   65


count: 4393 pos: 35     R   629


count: 4399 pos: 64     L   502


count: 4404 pos: 62     L   36


count: 4404 pos: 26     R   82


count: 4405 pos: 8     L   8


count: 4406 pos: 0     L   89


count: 4406 pos: 11     R   37


count: 4406 pos: 48     R   533


count: 4411 pos: 81     R   19


count: 4412 pos: 0     R   31


count: 4412 pos: 31     L   431


count: 4417 pos: 0     L   60


count: 4417 pos: 40     L   440


count: 4422 pos: 0     L   56


count: 4422 pos: 44     R   64


count: 4423 pos: 8     R   2


count: 4423 pos: 10     R   10


count: 4423 pos: 20     R   38


count: 4423 pos: 58     L   52


count: 4423 pos: 6     L   906


count: 4433 pos: 0     L   70


count: 4433 pos: 30     L   93


count: 4434 pos: 37     R   463


count: 4439 pos: 0     L   22


count: 4439 pos: 78     R   83


count: 4440 pos: 61     L   69


count: 4441 pos: 92     L   92


count: 4442 pos: 0     R   75


count: 4442 pos: 75     L   26


count: 4442 pos: 49     L   149


count: 4444 pos: 0     L   4


count: 4444 pos: 96     R   4


count: 4445 pos: 0     R   67


count: 4445 pos: 67     R   78


count: 4446 pos: 45     L   870


count: 4455 pos: 75     R   8


count: 4455 pos: 83     L   73


count: 4455 pos: 10     R   52


count: 4455 pos: 62     R   38


count: 4456 pos: 0     L   47


count: 4456 pos: 53     R   47


count: 4457 pos: 0     L   9


count: 4457 pos: 91     L   791


count: 4465 pos: 0     R   211


count: 4467 pos: 11     L   99


count: 4468 pos: 12     L   90


count: 4469 pos: 22     R   58


count: 4469 pos: 80     R   648


count: 4476 pos: 28     L   44


count: 4477 pos: 84     R   66


count: 4478 pos: 50     L   928


count: 4487 pos: 22     R   90


count: 4488 pos: 12     R   88


count: 4489 pos: 0     L   21


count: 4489 pos: 79     L   79


count: 4490 pos: 0     R   65


count: 4490 pos: 65     R   36


count: 4491 pos: 1     L   38


count: 4492 pos: 63     R   637


count: 4499 pos: 0     L   31


count: 4499 pos: 69     L   15


count: 4499 pos: 54     L   69


count: 4500 pos: 85     L   85


count: 4501 pos: 0     R   93


count: 4501 pos: 93     R   68


count: 4502 pos: 61     R   39


count: 4503 pos: 0     R   19


count: 4503 pos: 19     L   6


count: 4503 pos: 13     L   13


count: 4504 pos: 0     R   36


count: 4504 pos: 36     L   36


count: 4505 pos: 0     R   1


count: 4505 pos: 1     R   199


count: 4507 pos: 0     R   66


count: 4507 pos: 66     L   66


count: 4508 pos: 0     L   841


count: 4516 pos: 59     R   41


count: 4517 pos: 0     R   33


count: 4517 pos: 33     R   22


count: 4517 pos: 55     R   45


count: 4518 pos: 0     R   6


count: 4518 pos: 6     L   6


count: 4519 pos: 0     L   20


count: 4519 pos: 80     L   39


count: 4519 pos: 41     L   41


count: 4520 pos: 0     R   15


count: 4520 pos: 15     R   85


count: 4521 pos: 0     R   22


count: 4521 pos: 22     L   9


count: 4521 pos: 13     R   83


count: 4521 pos: 96     L   79


count: 4521 pos: 17     L   59


count: 4522 pos: 58     R   43


count: 4523 pos: 1     L   33


count: 4524 pos: 68     R   32


count: 4525 pos: 0     R   80


count: 4525 pos: 80     R   644


count: 4532 pos: 24     L   335


count: 4536 pos: 89     L   22


count: 4536 pos: 67     R   510


count: 4541 pos: 77     R   614


count: 4547 pos: 91     R   9


count: 4548 pos: 0     L   92


count: 4548 pos: 8     L   108


count: 4550 pos: 0     R   1


count: 4550 pos: 1     L   1


count: 4551 pos: 0     L   438


count: 4555 pos: 62     R   81


count: 4556 pos: 43     L   43


count: 4557 pos: 0     L   44


count: 4557 pos: 56     L   756


count: 4565 pos: 0     R   22


count: 4565 pos: 22     L   753


count: 4573 pos: 69     R   15


count: 4573 pos: 84     R   845


count: 4582 pos: 29     R   71


count: 4583 pos: 0     L   6


count: 4583 pos: 94     R   66


count: 4584 pos: 60     L   42


count: 4584 pos: 18     R   82


count: 4585 pos: 0     L   85


count: 4585 pos: 15     R   83


count: 4585 pos: 98     R   33


count: 4586 pos: 31     L   31


count: 4587 pos: 0     R   81


count: 4587 pos: 81     R   39


count: 4588 pos: 20     R   35


count: 4588 pos: 55     L   47


count: 4588 pos: 8     R   92


count: 4589 pos: 0     L   970


count: 4598 pos: 30     L   523


count: 4603 pos: 7     R   22


count: 4603 pos: 29     R   580


count: 4609 pos: 9     L   9


count: 4610 pos: 0     R   5


count: 4610 pos: 5     L   39


count: 4611 pos: 66     L   66


count: 4612 pos: 0     L   52


count: 4612 pos: 48     R   94


count: 4613 pos: 42     L   90


count: 4614 pos: 52     R   48


count: 4615 pos: 0     R   981


count: 4624 pos: 81     L   81


count: 4625 pos: 0     R   942


count: 4634 pos: 42     R   244


count: 4636 pos: 86     L   56


count: 4636 pos: 30     R   52


count: 4636 pos: 82     L   182


count: 4638 pos: 0     L   25


count: 4638 pos: 75     R   25


count: 4639 pos: 0     R   375


count: 4642 pos: 75     L   75


count: 4643 pos: 0     L   85


count: 4643 pos: 15     R   65


count: 4643 pos: 80     L   65


count: 4643 pos: 15     R   65


count: 4643 pos: 80     L   34


count: 4643 pos: 46     L   53


count: 4644 pos: 93     R   37


count: 4645 pos: 30     R   70


count: 4646 pos: 0     L   479


count: 4650 pos: 21     R   468


count: 4654 pos: 89     R   529


count: 4660 pos: 18     L   134


count: 4662 pos: 84     R   116


count: 4664 pos: 0     R   661


count: 4670 pos: 61     R   634


count: 4676 pos: 95     R   134


count: 4678 pos: 29     R   307


count: 4681 pos: 36     L   15


count: 4681 pos: 21     L   21


count: 4682 pos: 0     L   31


count: 4682 pos: 69     R   531


count: 4688 pos: 0     L   89


count: 4688 pos: 11     R   84


count: 4688 pos: 95     L   695


count: 4695 pos: 0     L   70


count: 4695 pos: 30     R   63


count: 4695 pos: 93     R   36


count: 4696 pos: 29     L   49


count: 4697 pos: 80     L   80


count: 4698 pos: 0     R   57


count: 4698 pos: 57     R   96


count: 4699 pos: 53     R   18


count: 4699 pos: 71     R   29


count: 4700 pos: 0     R   14


count: 4700 pos: 14     R   86


count: 4701 pos: 0     R   2


count: 4701 pos: 2     L   54


count: 4702 pos: 48     L   71


count: 4703 pos: 77     R   522


count: 4708 pos: 99     R   20


count: 4709 pos: 19     L   365


count: 4713 pos: 54     R   28


count: 4713 pos: 82     R   1


count: 4713 pos: 83     R   17


count: 4714 pos: 0     R   42


count: 4714 pos: 42     R   58


count: 4715 pos: 0     R   52


count: 4715 pos: 52     L   828


count: 4723 pos: 24     R   70


count: 4723 pos: 94     R   390


count: 4727 pos: 84     R   16


count: 4728 pos: 0     R   41


count: 4728 pos: 41     R   759


count: 4736 pos: 0     L   73


count: 4736 pos: 27     L   68


count: 4737 pos: 59     R   81


count: 4738 pos: 40     R   51


count: 4738 pos: 91     L   16


count: 4738 pos: 75     L   975


count: 4748 pos: 0     R   41


count: 4748 pos: 41     L   82


count: 4749 pos: 59     L   69


count: 4750 pos: 90     L   90


count: 4751 pos: 0     L   757


count: 4758 pos: 43     L   543


count: 4764 pos: 0     R   502


count: 4769 pos: 2     R   80


count: 4769 pos: 82     L   82


count: 4770 pos: 0     R   3


count: 4770 pos: 3     L   53


count: 4771 pos: 50     R   50


count: 4772 pos: 0     L   978


count: 4781 pos: 22     R   78


count: 4782 pos: 0     R   54


count: 4782 pos: 54     L   254


count: 4785 pos: 0     R   25


count: 4785 pos: 25     R   75


count: 4786 pos: 0     L   21


count: 4786 pos: 79     R   68


count: 4787 pos: 47     L   49


count: 4788 pos: 98     R   2


count: 4789 pos: 0     R   82


count: 4789 pos: 82     R   17


count: 4789 pos: 99     L   9


count: 4789 pos: 90     L   283


count: 4791 pos: 7     R   393


count: 4795 pos: 0     L   78


count: 4795 pos: 22     L   22


count: 4796 pos: 0     L   15


count: 4796 pos: 85     L   985


count: 4806 pos: 0     R   5


count: 4806 pos: 5     R   197


count: 4808 pos: 2     L   3


count: 4809 pos: 99     R   1


count: 4810 pos: 0     L   3


count: 4810 pos: 97     R   91


count: 4811 pos: 88     R   76


count: 4812 pos: 64     R   95


count: 4813 pos: 59     L   63


count: 4814 pos: 96     R   72


count: 4815 pos: 68     R   27


count: 4815 pos: 95     L   46


count: 4815 pos: 49     R   51


count: 4816 pos: 0     R   65


count: 4816 pos: 65     L   67


count: 4817 pos: 98     R   902


count: 4827 pos: 0     R   99


count: 4827 pos: 99     L   40


count: 4827 pos: 59     L   516


count: 4832 pos: 43     L   43


count: 4833 pos: 0     L   78


count: 4833 pos: 22     L   41


count: 4834 pos: 81     R   19


count: 4835 pos: 0     L   3


count: 4835 pos: 97     L   321


count: 4838 pos: 76     L   8


count: 4838 pos: 68     L   30


count: 4838 pos: 38     R   510


count: 4843 pos: 48     L   26


count: 4843 pos: 22     L   75


count: 4844 pos: 47     R   59


count: 4845 pos: 6     R   43


count: 4845 pos: 49     R   51


count: 4846 pos: 0     R   84


count: 4846 pos: 84     R   26


count: 4847 pos: 10     R   23


count: 4847 pos: 33     L   32


count: 4847 pos: 1     R   88


count: 4847 pos: 89     R   11


count: 4848 pos: 0     L   36


count: 4848 pos: 64     L   64


count: 4849 pos: 0     L   89


count: 4849 pos: 11     R   83


count: 4849 pos: 94     R   96


count: 4850 pos: 90     L   90


count: 4851 pos: 0     L   3


count: 4851 pos: 97     R   69


count: 4852 pos: 66     L   66


count: 4853 pos: 0     R   42


count: 4853 pos: 42     R   58


count: 4854 pos: 0     R   65


count: 4854 pos: 65     R   7


count: 4854 pos: 72     L   10


count: 4854 pos: 62     R   38


count: 4855 pos: 0     R   94


count: 4855 pos: 94     R   5


count: 4855 pos: 99     R   1


count: 4856 pos: 0     R   99


count: 4856 pos: 99     R   232


count: 4859 pos: 31     L   33


count: 4860 pos: 98     L   98


count: 4861 pos: 0     L   5


count: 4861 pos: 95     R   5


count: 4862 pos: 0     L   88


count: 4862 pos: 12     R   20


count: 4862 pos: 32     R   5


count: 4862 pos: 37     R   63


count: 4863 pos: 0     L   615


count: 4869 pos: 85     L   806


count: 4877 pos: 79     L   32


count: 4877 pos: 47     R   53


count: 4878 pos: 0     L   36


count: 4878 pos: 64     R   36


count: 4879 pos: 0     L   36


count: 4879 pos: 64     L   64


count: 4880 pos: 0     R   44


count: 4880 pos: 44     L   90


count: 4881 pos: 54     L   45


count: 4881 pos: 9     R   91


count: 4882 pos: 0     L   29


count: 4882 pos: 71     R   98


count: 4883 pos: 69     R   4


count: 4883 pos: 73     L   73


count: 4884 pos: 0     R   3


count: 4884 pos: 3     L   54


count: 4885 pos: 49     L   63


count: 4886 pos: 86     R   14


count: 4887 pos: 0     L   70


count: 4887 pos: 30     L   430


count: 4892 pos: 0     R   71


count: 4892 pos: 71     R   63


count: 4893 pos: 34     L   34


count: 4894 pos: 0     R   47


count: 4894 pos: 47     L   647


count: 4901 pos: 0     R   25


count: 4901 pos: 25     L   8


count: 4901 pos: 17     R   86


count: 4902 pos: 3     L   190


count: 4904 pos: 13     L   13


count: 4905 pos: 0     L   54


count: 4905 pos: 46     R   54


count: 4906 pos: 0     L   6


count: 4906 pos: 94     L   78


count: 4906 pos: 16     R   33


count: 4906 pos: 49     L   49


count: 4907 pos: 0     L   85


count: 4907 pos: 15     R   62


count: 4907 pos: 77     L   77


count: 4908 pos: 0     R   495


count: 4912 pos: 95     R   5


count: 4913 pos: 0     R   30


count: 4913 pos: 30     L   71


count: 4914 pos: 59     L   959


count: 4924 pos: 0     L   85


count: 4924 pos: 15     L   12


count: 4924 pos: 3     L   3


count: 4925 pos: 0     R   19


count: 4925 pos: 19     L   350


count: 4929 pos: 69     L   97


count: 4930 pos: 72     R   89


count: 4931 pos: 61     L   441


count: 4935 pos: 20     R   954


count: 4944 pos: 74     L   72


count: 4944 pos: 2     R   66


count: 4944 pos: 68     R   35


count: 4945 pos: 3     L   3


count: 4946 pos: 0     L   4


count: 4946 pos: 96     L   46


count: 4946 pos: 50     R   50


count: 4947 pos: 0     R   78


count: 4947 pos: 78     R   46


count: 4948 pos: 24     L   87


count: 4949 pos: 37     L   34


count: 4949 pos: 3     L   77


count: 4950 pos: 26     R   46


count: 4950 pos: 72     L   21


count: 4950 pos: 51     L   964


count: 4960 pos: 87     R   109


count: 4961 pos: 96     L   7


count: 4961 pos: 89     L   35


count: 4961 pos: 54     L   92


count: 4962 pos: 62     R   98


count: 4963 pos: 60     R   56


count: 4964 pos: 16     R   89


count: 4965 pos: 5     R   29


count: 4965 pos: 34     L   28


count: 4965 pos: 6     R   35


count: 4965 pos: 41     R   659


count: 4972 pos: 0     L   32


count: 4972 pos: 68     L   510


count: 4977 pos: 58     R   42


count: 4978 pos: 0     L   47


count: 4978 pos: 53     R   47


count: 4979 pos: 0     R   872


count: 4987 pos: 72     L   95


count: 4988 pos: 77     R   80


count: 4989 pos: 57     L   8


count: 4989 pos: 49     L   39


count: 4989 pos: 10     R   90


count: 4990 pos: 0     L   5


count: 4990 pos: 95     L   95


count: 4991 pos: 0     L   303


count: 4994 pos: 97     L   97


count: 4995 pos: 0     R   25


count: 4995 pos: 25     R   75


count: 4996 pos: 0     R   810


count: 5004 pos: 10     L   43


count: 5005 pos: 67     R   33


count: 5006 pos: 0     R   80


count: 5006 pos: 80     L   15


count: 5006 pos: 65     R   79


count: 5007 pos: 44     L   49


count: 5008 pos: 95     L   63


count: 5008 pos: 32     L   64


count: 5009 pos: 68     R   679


count: 5016 pos: 47     L   18


count: 5016 pos: 29     L   86


count: 5017 pos: 43     R   735


count: 5024 pos: 78     R   22


count: 5025 pos: 0     L   4


count: 5025 pos: 96     L   922


count: 5034 pos: 74     L   74


count: 5035 pos: 0     L   80


count: 5035 pos: 20     R   80


count: 5036 pos: 0     R   19


count: 5036 pos: 19     L   59


count: 5037 pos: 60     R   40


count: 5038 pos: 0     R   41


count: 5038 pos: 41     R   59


count: 5039 pos: 0     L   39


count: 5039 pos: 61     R   539


count: 5045 pos: 0     L   59


count: 5045 pos: 41     R   959


count: 5055 pos: 0     R   31


count: 5055 pos: 31     R   73


count: 5056 pos: 4     L   76


count: 5057 pos: 28     R   272


count: 5060 pos: 0     L   78


count: 5060 pos: 22     L   99


count: 5061 pos: 23     L   649


count: 5068 pos: 74     R   55


count: 5069 pos: 29     L   29


count: 5070 pos: 0     L   45


count: 5070 pos: 55     R   45


count: 5071 pos: 0     L   58


count: 5071 pos: 42     L   42


count: 5072 pos: 0     L   427


count: 5076 pos: 73     L   46


count: 5076 pos: 27     L   98


count: 5077 pos: 29     R   876


count: 5086 pos: 5     L   405


count: 5091 pos: 0     L   69


count: 5091 pos: 31     L   31


count: 5092 pos: 0     L   51


count: 5092 pos: 49     L   49


count: 5093 pos: 0     R   88


count: 5093 pos: 88     R   43


count: 5094 pos: 31     R   81


count: 5095 pos: 12     R   75


count: 5095 pos: 87     R   849


count: 5104 pos: 36     R   75


count: 5105 pos: 11     R   89


count: 5106 pos: 0     L   514


count: 5111 pos: 86     R   14


count: 5112 pos: 0     L   1


count: 5112 pos: 99     L   489


count: 5116 pos: 10     L   21


count: 5117 pos: 89     L   89


count: 5118 pos: 0     R   53


count: 5118 pos: 53     L   44


count: 5118 pos: 9     L   9


count: 5119 pos: 0     L   95


count: 5119 pos: 5     R   803


count: 5127 pos: 8     R   92


count: 5128 pos: 0     L   8


count: 5128 pos: 92     R   158


count: 5130 pos: 50     L   15


count: 5130 pos: 35     R   34


count: 5130 pos: 69     L   69


count: 5131 pos: 0     L   38


count: 5131 pos: 62     R   38


count: 5132 pos: 0     R   60


count: 5132 pos: 60     R   712


count: 5139 pos: 72     L   126


count: 5140 pos: 46     L   14


count: 5140 pos: 32     L   13


count: 5140 pos: 19     L   11


count: 5140 pos: 8     R   49


count: 5140 pos: 57     L   66


count: 5141 pos: 91     L   14


count: 5141 pos: 77     R   23


count: 5142 pos: 0     L   94


count: 5142 pos: 6     R   7


count: 5142 pos: 13     L   8


count: 5142 pos: 5     R   95


count: 5143 pos: 0     L   661


count: 5149 pos: 39     R   561


count: 5155 pos: 0     L   20


count: 5155 pos: 80     L   180


count: 5157 pos: 0     L   9


count: 5157 pos: 91     R   52


count: 5158 pos: 43     R   57


count: 5159 pos: 0     R   43


count: 5159 pos: 43     L   43


count: 5160 pos: 0     R   91


count: 5160 pos: 91     L   91


count: 5161 pos: 0     R   31


count: 5161 pos: 31     L   631


count: 5168 pos: 0     L   18


count: 5168 pos: 82     R   18


count: 5169 pos: 0     R   79


count: 5169 pos: 79     R   21


count: 5170 pos: 0     R   35


count: 5170 pos: 35     L   9


count: 5170 pos: 26     L   26


count: 5171 pos: 0     L   1


count: 5171 pos: 99     R   1


count: 5172 pos: 0     L   924


count: 5181 pos: 76     L   976


count: 5191 pos: 0     L   72


count: 5191 pos: 28     L   22


count: 5191 pos: 6     L   905


count: 5200 pos: 1     R   813


count: 5208 pos: 14     R   129


count: 5209 pos: 43     L   45


count: 5210 pos: 98     L   20


count: 5210 pos: 78     L   82


count: 5211 pos: 96     R   64


count: 5212 pos: 60     R   97


count: 5213 pos: 57     L   47


count: 5213 pos: 10     L   10


count: 5214 pos: 0     L   92


count: 5214 pos: 8     L   8


count: 5215 pos: 0     L   243


count: 5217 pos: 57     L   757


count: 5225 pos: 0     L   19


count: 5225 pos: 81     L   81


count: 5226 pos: 0     R   98


count: 5226 pos: 98     L   98


count: 5227 pos: 0     R   98


count: 5227 pos: 98     L   275


count: 5229 pos: 23     L   23


count: 5230 pos: 0     L   25


count: 5230 pos: 75     L   921


count: 5239 pos: 54     L   66


count: 5240 pos: 88     R   12


count: 5241 pos: 0     L   5


count: 5241 pos: 95     R   205


count: 5244 pos: 0     R   91


count: 5244 pos: 91     L   10


count: 5244 pos: 81     R   36


count: 5245 pos: 17     R   34


count: 5245 pos: 51     R   81


count: 5246 pos: 32     R   68


count: 5247 pos: 0     L   35


count: 5247 pos: 65     R   44


count: 5248 pos: 9     R   60


count: 5248 pos: 69     R   18


count: 5248 pos: 87     L   93


count: 5249 pos: 94     L   94


count: 5250 pos: 0     R   71


count: 5250 pos: 71     R   1


count: 5250 pos: 72     L   72


count: 5251 pos: 0     L   18


count: 5251 pos: 82     L   82


count: 5252 pos: 0     L   38


count: 5252 pos: 62     R   34


count: 5252 pos: 96     R   4


count: 5253 pos: 0     R   69


count: 5253 pos: 69     L   16


count: 5253 pos: 53     R   650


count: 5260 pos: 3     R   88


count: 5260 pos: 91     L   291


count: 5263 pos: 0     L   41


count: 5263 pos: 59     L   10


count: 5263 pos: 49     R   66


count: 5264 pos: 15     L   44


count: 5265 pos: 71     R   75


count: 5266 pos: 46     R   93


count: 5267 pos: 39     R   82


count: 5268 pos: 21     L   21


count: 5269 pos: 0     R   51


count: 5269 pos: 51     R   49


count: 5270 pos: 0     L   849


count: 5278 pos: 51     R   92


count: 5279 pos: 43     R   57


count: 5280 pos: 0     R   69


count: 5280 pos: 69     R   62


count: 5281 pos: 31     R   86


count: 5282 pos: 17     L   19


count: 5283 pos: 98     L   598


count: 5289 pos: 0     L   33


count: 5289 pos: 67     R   91


count: 5290 pos: 58     L   92


count: 5291 pos: 66     R   534


count: 5297 pos: 0     R   12


count: 5297 pos: 12     L   96


count: 5298 pos: 16     L   35


count: 5299 pos: 81     R   19


count: 5300 pos: 0     R   57


count: 5300 pos: 57     R   643


count: 5307 pos: 0     R   32


count: 5307 pos: 32     R   69


count: 5308 pos: 1     L   85


count: 5309 pos: 16     L   17


count: 5310 pos: 99     R   45


count: 5311 pos: 44     L   72


count: 5312 pos: 72     R   827


count: 5320 pos: 99     R   98


count: 5321 pos: 97     R   935


count: 5331 pos: 32     R   68


count: 5332 pos: 0     R   97


count: 5332 pos: 97     L   21


count: 5332 pos: 76     R   79


count: 5333 pos: 55     R   37


count: 5333 pos: 92     L   92


count: 5334 pos: 0     L   18


count: 5334 pos: 82     R   43


count: 5335 pos: 25     L   21


count: 5335 pos: 4     L   76


count: 5336 pos: 28     R   72


count: 5337 pos: 0     L   357


count: 5340 pos: 43     R   62


count: 5341 pos: 5     L   5


count: 5342 pos: 0     L   33


count: 5342 pos: 67     L   74


count: 5343 pos: 93     L   93


count: 5344 pos: 0     L   11


count: 5344 pos: 89     R   54


count: 5345 pos: 43     L   43


count: 5346 pos: 0     L   5


count: 5346 pos: 95     R   41


count: 5347 pos: 36     R   32


count: 5347 pos: 68     L   68


count: 5348 pos: 0     L   584


count: 5353 pos: 16     L   16


count: 5354 pos: 0     R   8


count: 5354 pos: 8     L   17


count: 5355 pos: 91     R   40


count: 5356 pos: 31     L   31


count: 5357 pos: 0     R   82


count: 5357 pos: 82     R   18


count: 5358 pos: 0     L   12


count: 5358 pos: 88     R   60


count: 5359 pos: 48     R   91


count: 5360 pos: 39     R   22


count: 5360 pos: 61     R   77


count: 5361 pos: 38     R   33


count: 5361 pos: 71     L   71


count: 5362 pos: 0     R   9


count: 5362 pos: 9     R   91


count: 5363 pos: 0     L   87


count: 5363 pos: 13     L   98


count: 5364 pos: 15     R   85


count: 5365 pos: 0     R   399


count: 5368 pos: 99     L   57


count: 5368 pos: 42     L   24


count: 5368 pos: 18     R   82


count: 5369 pos: 0     L   405


count: 5373 pos: 95     L   68


count: 5373 pos: 27     L   943


count: 5383 pos: 84     L   76


count: 5383 pos: 8     L   65


count: 5384 pos: 43     L   643


count: 5391 pos: 0     R   15


count: 5391 pos: 15     L   215


count: 5394 pos: 0     L   597


count: 5399 pos: 3     R   7


count: 5399 pos: 10     L   10


count: 5400 pos: 0     R   94


count: 5400 pos: 94     R   26


count: 5401 pos: 20     L   64


count: 5402 pos: 56     R   44


count: 5403 pos: 0     L   52


count: 5403 pos: 48     R   23


count: 5403 pos: 71     R   29


count: 5404 pos: 0     R   5


count: 5404 pos: 5     R   577


count: 5409 pos: 82     R   680


count: 5416 pos: 62     R   36


count: 5416 pos: 98     L   98


count: 5417 pos: 0     R   662


count: 5423 pos: 62     R   92


count: 5424 pos: 54     L   98


count: 5425 pos: 56     L   76


count: 5426 pos: 80     L   55


count: 5426 pos: 25     R   41


count: 5426 pos: 66     L   59


count: 5426 pos: 7     L   7


count: 5427 pos: 0     L   74


count: 5427 pos: 26     R   74


count: 5428 pos: 0     L   53


count: 5428 pos: 47     L   84


count: 5429 pos: 63     L   12


count: 5429 pos: 51     L   851


count: 5438 pos: 0     L   618


count: 5444 pos: 82     L   71


count: 5444 pos: 11     L   90


count: 5445 pos: 21     R   79


count: 5446 pos: 0     R   410


count: 5450 pos: 10     L   10


count: 5451 pos: 0     L   90


count: 5451 pos: 10     L   10


count: 5452 pos: 0     L   325


count: 5455 pos: 75     L   50


count: 5455 pos: 25     L   39


count: 5456 pos: 86     R   77


count: 5457 pos: 63     L   565


count: 5463 pos: 98     R   402


count: 5468 pos: 0     L   15


count: 5468 pos: 85     R   96


count: 5469 pos: 81     R   29


count: 5470 pos: 10     L   23


count: 5471 pos: 87     R   794


count: 5479 pos: 81     R   872


count: 5488 pos: 53     L   32


count: 5488 pos: 21     L   71


count: 5489 pos: 50     R   89


count: 5490 pos: 39     R   54


count: 5490 pos: 93     L   84


count: 5490 pos: 9     R   4


count: 5490 pos: 13     R   87


count: 5491 pos: 0     R   804


count: 5499 pos: 4     R   96


count: 5500 pos: 0     L   429


count: 5504 pos: 71     L   81


count: 5505 pos: 90     L   53


count: 5505 pos: 37     L   339


count: 5509 pos: 98     R   2


count: 5510 pos: 0     R   62


count: 5510 pos: 62     R   92


count: 5511 pos: 54     R   24


count: 5511 pos: 78     R   97


count: 5512 pos: 75     L   75


count: 5513 pos: 0     L   443


count: 5517 pos: 57     L   57


count: 5518 pos: 0     L   10


count: 5518 pos: 90     L   104


count: 5519 pos: 86     L   16


count: 5519 pos: 70     R   30


count: 5520 pos: 0     L   21


count: 5520 pos: 79     R   921


count: 5530 pos: 0     L   35


count: 5530 pos: 65     R   62


count: 5531 pos: 27     R   43


count: 5531 pos: 70     R   748


count: 5539 pos: 18     R   82


count: 5540 pos: 0     R   13


count: 5540 pos: 13     R   87


count: 5541 pos: 0     L   828


count: 5549 pos: 72     L   14


count: 5549 pos: 58     L   89


count: 5550 pos: 69     R   567


count: 5556 pos: 36     L   36


count: 5557 pos: 0     R   15


count: 5557 pos: 15     L   15


count: 5558 pos: 0     R   99


count: 5558 pos: 99     L   61


count: 5558 pos: 38     R   74


count: 5559 pos: 12     R   56


count: 5559 pos: 68     R   68


count: 5560 pos: 36     R   51


count: 5560 pos: 87     R   82


count: 5561 pos: 69     L   757


count: 5568 pos: 12     R   88


count: 5569 pos: 0     L   97


count: 5569 pos: 3     L   71


count: 5570 pos: 32     L   432


count: 5575 pos: 0     L   62


count: 5575 pos: 38     L   88


count: 5576 pos: 50     L   76


count: 5577 pos: 74     L   74


count: 5578 pos: 0     R   47


count: 5578 pos: 47     R   38


count: 5578 pos: 85     L   85


count: 5579 pos: 0     L   690


count: 5585 pos: 10     R   90


count: 5586 pos: 0     L   98


count: 5586 pos: 2     L   7


count: 5587 pos: 95     R   5


count: 5588 pos: 0     L   792


count: 5595 pos: 8     R   75


count: 5595 pos: 83     L   83


count: 5596 pos: 0     L   60


count: 5596 pos: 40     L   40


count: 5597 pos: 0     R   89


count: 5597 pos: 89     R   45


count: 5598 pos: 34     R   66


count: 5599 pos: 0     R   88


count: 5599 pos: 88     R   90


count: 5600 pos: 78     L   57


count: 5600 pos: 21     R   1


count: 5600 pos: 22     R   67


count: 5600 pos: 89     L   89


count: 5601 pos: 0     L   66


count: 5601 pos: 34     L   939


count: 5611 pos: 95     R   605


count: 5618 pos: 0     L   13


count: 5618 pos: 87     L   87


count: 5619 pos: 0     L   36


count: 5619 pos: 64     L   87


count: 5620 pos: 77     R   905


count: 5629 pos: 82     R   81


count: 5630 pos: 63     R   62


count: 5631 pos: 25     R   75


count: 5632 pos: 0     L   316


count: 5635 pos: 84     L   54


count: 5635 pos: 30     R   80


count: 5636 pos: 10     L   113


count: 5638 pos: 97     L   195


count: 5639 pos: 2     L   202


count: 5642 pos: 0     R   74


count: 5642 pos: 74     L   47


count: 5642 pos: 27     L   27


count: 5643 pos: 0     R   31


count: 5643 pos: 31     R   48


count: 5643 pos: 79     R   79


count: 5644 pos: 58     R   487


count: 5649 pos: 45     R   84


count: 5650 pos: 29     L   29


count: 5651 pos: 0     L   8


count: 5651 pos: 92     R   8


count: 5652 pos: 0     R   76


count: 5652 pos: 76     L   76


count: 5653 pos: 0     L   96


count: 5653 pos: 4     R   96


count: 5654 pos: 0     L   44


count: 5654 pos: 56     L   8


count: 5654 pos: 48     L   48


count: 5655 pos: 0     R   869


count: 5663 pos: 69     L   469


count: 5668 pos: 0     R   44


count: 5668 pos: 44     R   56


count: 5669 pos: 0     L   30


count: 5669 pos: 70     R   78


count: 5670 pos: 48     L   948


count: 5680 pos: 0     R   346


count: 5683 pos: 46     R   29


count: 5683 pos: 75     L   75


count: 5684 pos: 0     L   53


count: 5684 pos: 47     L   38


count: 5684 pos: 9     R   568


count: 5689 pos: 77     R   23


count: 5690 pos: 0     L   39


count: 5690 pos: 61     L   76


count: 5691 pos: 85     L   72


count: 5691 pos: 13     R   225


count: 5693 pos: 38     R   23


count: 5693 pos: 61     R   129


count: 5694 pos: 90     L   25


count: 5694 pos: 65     L   4


count: 5694 pos: 61     L   61


count: 5695 pos: 0     L   3


count: 5695 pos: 97     R   70


count: 5696 pos: 67     R   76


count: 5697 pos: 43     L   78


count: 5698 pos: 65     R   35


count: 5699 pos: 0     L   11


count: 5699 pos: 89     R   8


count: 5699 pos: 97     L   91


count: 5699 pos: 6     R   52


count: 5699 pos: 58     R   565


count: 5705 pos: 23     R   77


count: 5706 pos: 0     L   11


count: 5706 pos: 89     R   23


count: 5707 pos: 12     R   723


count: 5714 pos: 35     R   17


count: 5714 pos: 52     R   7


count: 5714 pos: 59     R   41


count: 5715 pos: 0     R   35


count: 5715 pos: 35     R   265


count: 5718 pos: 0     R   95


count: 5718 pos: 95     R   80


count: 5719 pos: 75     L   75


count: 5720 pos: 0     R   52


count: 5720 pos: 52     R   24


count: 5720 pos: 76     R   73


count: 5721 pos: 49     L   49


count: 5722 pos: 0     R   19


count: 5722 pos: 19     R   950


count: 5731 pos: 69     L   169


count: 5733 pos: 0     L   9


count: 5733 pos: 91     R   85


count: 5734 pos: 76     L   76


count: 5735 pos: 0     R   792


count: 5742 pos: 92     L   82


count: 5742 pos: 10     L   518


count: 5748 pos: 92     L   62


count: 5748 pos: 30     R   63


count: 5748 pos: 93     L   11


count: 5748 pos: 82     L   95


count: 5749 pos: 87     L   540


count: 5754 pos: 47     R   20


count: 5754 pos: 67     R   39


count: 5755 pos: 6     R   94


count: 5756 pos: 0     L   48


count: 5756 pos: 52     L   18


count: 5756 pos: 34     L   34


count: 5757 pos: 0     L   1


count: 5757 pos: 99     L   54


count: 5757 pos: 45     R   17


count: 5757 pos: 62     R   938


count: 5767 pos: 0     R   15


count: 5767 pos: 15     R   75


count: 5767 pos: 90     L   84


count: 5767 pos: 6     R   94


count: 5768 pos: 0     L   72


count: 5768 pos: 28     L   228


count: 5771 pos: 0     L   77


count: 5771 pos: 23     L   523


count: 5777 pos: 0     L   28


count: 5777 pos: 72     R   25


count: 5777 pos: 97     R   3


count: 5778 pos: 0     R   3


count: 5778 pos: 3     R   48


count: 5778 pos: 51     L   51


count: 5779 pos: 0     L   739


count: 5786 pos: 61     L   27


count: 5786 pos: 34     L   75


count: 5787 pos: 59     L   10


count: 5787 pos: 49     L   36


count: 5787 pos: 13     L   38


count: 5788 pos: 75     L   74


count: 5788 pos: 1     L   73


count: 5789 pos: 28     R   35


count: 5789 pos: 63     L   520


count: 5794 pos: 43     L   18


count: 5794 pos: 25     L   25


count: 5795 pos: 0     L   9


count: 5795 pos: 91     R   13


count: 5796 pos: 4     L   998


count: 5806 pos: 6     R   603


count: 5812 pos: 9     R   91


count: 5813 pos: 0     R   986


count: 5822 pos: 86     L   22


count: 5822 pos: 64     L   54


count: 5822 pos: 10     L   510


count: 5828 pos: 0     L   2


count: 5828 pos: 98     R   2


count: 5829 pos: 0     R   47


count: 5829 pos: 47     R   206


count: 5831 pos: 53     R   951


count: 5841 pos: 4     R   93


count: 5841 pos: 97     R   3


count: 5842 pos: 0     R   921


count: 5851 pos: 21     R   18


count: 5851 pos: 39     L   5


count: 5851 pos: 34     R   71


count: 5852 pos: 5     R   889


count: 5860 pos: 94     L   9


count: 5860 pos: 85     L   57


count: 5860 pos: 28     L   11


count: 5860 pos: 17     L   874


count: 5869 pos: 43     R   81


count: 5870 pos: 24     R   15


count: 5870 pos: 39     L   639


count: 5877 pos: 0     R   825


count: 5885 pos: 25     R   407


count: 5889 pos: 32     R   16


count: 5889 pos: 48     L   48


count: 5890 pos: 0     L   31


count: 5890 pos: 69     R   32


count: 5891 pos: 1     L   5


count: 5892 pos: 96     R   933


count: 5902 pos: 29     R   64


count: 5902 pos: 93     L   693


count: 5909 pos: 0     R   52


count: 5909 pos: 52     R   11


count: 5909 pos: 63     L   9


count: 5909 pos: 54     L   54


count: 5910 pos: 0     L   21


count: 5910 pos: 79     L   14


count: 5910 pos: 65     R   30


count: 5910 pos: 95     R   31


count: 5911 pos: 26     R   474


count: 5916 pos: 0     R   78


count: 5916 pos: 78     L   13


count: 5916 pos: 65     L   686


count: 5923 pos: 79     L   39


count: 5923 pos: 40     R   36


count: 5923 pos: 76     L   76


count: 5924 pos: 0     L   37


count: 5924 pos: 63     R   26


count: 5924 pos: 89     L   7


count: 5924 pos: 82     R   918


count: 5934 pos: 0     R   79


count: 5934 pos: 79     R   37


count: 5935 pos: 16     L   16


count: 5936 pos: 0     L   25


count: 5936 pos: 75     L   22


count: 5936 pos: 53     L   624


count: 5942 pos: 29     R   10


count: 5942 pos: 39     R   781


count: 5950 pos: 20     R   58


count: 5950 pos: 78     R   14


count: 5950 pos: 92     R   94


count: 5951 pos: 86     L   4


count: 5951 pos: 82     L   320


count: 5954 pos: 62     L   627


count: 5960 pos: 35     L   363


count: 5964 pos: 72     L   88


count: 5965 pos: 84     L   50


count: 5965 pos: 34     R   27


count: 5965 pos: 61     L   6


count: 5965 pos: 55     R   45


count: 5966 pos: 0     L   76


count: 5966 pos: 24     L   6


count: 5966 pos: 18     R   71


count: 5966 pos: 89     R   11


count: 5967 pos: 0     R   84


count: 5967 pos: 84     L   91


count: 5968 pos: 93     L   93


count: 5969 pos: 0     R   8


count: 5969 pos: 8     R   87


count: 5969 pos: 95     L   95


count: 5970 pos: 0     R   684


count: 5976 pos: 84     L   91


count: 5977 pos: 93     R   11


count: 5978 pos: 4     R   96


count: 5979 pos: 0     L   7


count: 5979 pos: 93     L   521


count: 5984 pos: 72     R   28


count: 5985 pos: 0     R   327


count: 5988 pos: 27     R   340


count: 5991 pos: 67     L   63


count: 5991 pos: 4     R   25


count: 5991 pos: 29     R   793


count: 5999 pos: 22     R   15


count: 5999 pos: 37     L   987


count: 6009 pos: 50     L   28


count: 6009 pos: 22     R   97


count: 6010 pos: 19     R   31


count: 6010 pos: 50     L   2


count: 6010 pos: 48     L   564


count: 6016 pos: 84     R   112


count: 6017 pos: 96     L   934


count: 6026 pos: 62     L   62


count: 6027 pos: 0     L   78


count: 6027 pos: 22     R   61


count: 6027 pos: 83     L   83


count: 6028 pos: 0     L   33


count: 6028 pos: 67     L   45


count: 6028 pos: 22     L   822


count: 6037 pos: 0     R   94


count: 6037 pos: 94     R   6


count: 6038 pos: 0     L   93


count: 6038 pos: 7     R   89


count: 6038 pos: 96     R   77


count: 6039 pos: 73     R   27


count: 6040 pos: 0     L   16


count: 6040 pos: 84     L   22


count: 6040 pos: 62     R   38


count: 6041 pos: 0     R   526


count: 6046 pos: 26     R   748


count: 6053 pos: 74     R   8


count: 6053 pos: 82     R   718


count: 6061 pos: 0     R   703


count: 6068 pos: 3     L   48


count: 6069 pos: 55     R   35


count: 6069 pos: 90     L   90


count: 6070 pos: 0     L   99


count: 6070 pos: 1     R   8


count: 6070 pos: 9     R   34


count: 6070 pos: 43     R   557


count: 6076 pos: 0     R   2


count: 6076 pos: 2     L   7


count: 6077 pos: 95     R   75


count: 6078 pos: 70     L   90


count: 6079 pos: 80     L   80


count: 6080 pos: 0     L   74


count: 6080 pos: 26     L   521


count: 6085 pos: 5     L   5


count: 6086 pos: 0     L   590


count: 6091 pos: 10     L   34


count: 6092 pos: 76     R   80


count: 6093 pos: 56     L   99


count: 6094 pos: 57     L   73


count: 6095 pos: 84     R   16


count: 6096 pos: 0     L   95


count: 6096 pos: 5     L   70


count: 6097 pos: 35     L   79


count: 6098 pos: 56     L   93


count: 6099 pos: 63     L   16


count: 6099 pos: 47     L   9


count: 6099 pos: 38     L   38


count: 6100 pos: 0     L   89


count: 6100 pos: 11     R   40


count: 6100 pos: 51     L   21


count: 6100 pos: 30     R   85


count: 6101 pos: 15     L   87


count: 6102 pos: 28     R   72


count: 6103 pos: 0     R   5


count: 6103 pos: 5     L   5


count: 6104 pos: 0     L   7


count: 6104 pos: 93     R   25


count: 6105 pos: 18     L   3


count: 6105 pos: 15     L   15


count: 6106 pos: 0     R   86


count: 6106 pos: 86     L   791


count: 6114 pos: 95     L   53


count: 6114 pos: 42     R   89


count: 6115 pos: 31     L   7


count: 6115 pos: 24     R   43


count: 6115 pos: 67     R   33


count: 6116 pos: 0     L   32


count: 6116 pos: 68     R   47


count: 6117 pos: 15     R   85


count: 6118 pos: 0     L   19


count: 6118 pos: 81     L   81


count: 6119 pos: 0     L   259


count: 6121 pos: 41     R   86


count: 6122 pos: 27     L   18


count: 6122 pos: 9     L   9


count: 6123 pos: 0     L   5


count: 6123 pos: 95     R   5


count: 6124 pos: 0     R   53


count: 6124 pos: 53     R   58


count: 6125 pos: 11     R   346


count: 6128 pos: 57     L   57


count: 6129 pos: 0     L   26


count: 6129 pos: 74     L   203


count: 6131 pos: 71     L   71


count: 6132 pos: 0     R   51


count: 6132 pos: 51     R   359


count: 6136 pos: 10     L   86


count: 6137 pos: 24     L   97


count: 6138 pos: 27     L   29


count: 6139 pos: 98     L   32


count: 6139 pos: 66     L   82


count: 6140 pos: 84     R   816


count: 6149 pos: 0     L   59


count: 6149 pos: 41     L   4


count: 6149 pos: 37     L   37


count: 6150 pos: 0     R   97


count: 6150 pos: 97     L   18


count: 6150 pos: 79     L   779


count: 6158 pos: 0     R   27


count: 6158 pos: 27     L   27


count: 6159 pos: 0     L   26


count: 6159 pos: 74     L   1


count: 6159 pos: 73     R   27


count: 6160 pos: 0     L   643


count: 6166 pos: 57     L   27


count: 6166 pos: 30     R   45


count: 6166 pos: 75     R   25


count: 6167 pos: 0     R   105


count: 6168 pos: 5     R   37


count: 6168 pos: 42     R   67


count: 6169 pos: 9     R   39


count: 6169 pos: 48     L   335


count: 6172 pos: 13     R   32


count: 6172 pos: 45     L   47


count: 6173 pos: 98     R   244


count: 6176 pos: 42     R   638


count: 6182 pos: 80     L   32


count: 6182 pos: 48     L   13


count: 6182 pos: 35     L   9


count: 6182 pos: 26     L   52


count: 6183 pos: 74     R   98


count: 6184 pos: 72     R   74


count: 6185 pos: 46     L   116


count: 6186 pos: 30     L   30


count: 6187 pos: 0     R   55


count: 6187 pos: 55     L   55


count: 6188 pos: 0     R   25


count: 6188 pos: 25     L   44


count: 6189 pos: 81     L   65


count: 6189 pos: 16     L   16


count: 6190 pos: 0     L   867


count: 6198 pos: 33     L   58


count: 6199 pos: 75     R   62


count: 6200 pos: 37     L   324


count: 6203 pos: 13     L   48


count: 6204 pos: 65     L   27


count: 6204 pos: 38     L   20


count: 6204 pos: 18     L   18


count: 6205 pos: 0     L   35


count: 6205 pos: 65     R   10


count: 6205 pos: 75     R   61


count: 6206 pos: 36     L   11


count: 6206 pos: 25     R   75


count: 6207 pos: 0     L   82


count: 6207 pos: 18     L   18


count: 6208 pos: 0     L   674


count: 6214 pos: 26     R   24


count: 6214 pos: 50     L   7


count: 6214 pos: 43     L   84


count: 6215 pos: 59     R   10


count: 6215 pos: 69     R   431


count: 6220 pos: 0     R   42


count: 6220 pos: 42     R   51


count: 6220 pos: 93     L   99


count: 6221 pos: 94     L   72


count: 6221 pos: 22     R   30


count: 6221 pos: 52     R   142


count: 6222 pos: 94     R   6


count: 6223 pos: 0     L   76


count: 6223 pos: 24     R   76


count: 6224 pos: 0     R   40


count: 6224 pos: 40     L   97


count: 6225 pos: 43     R   49


count: 6225 pos: 92     L   526


count: 6230 pos: 66     L   69


count: 6231 pos: 97     L   97


count: 6232 pos: 0     R   70


count: 6232 pos: 70     L   827


count: 6240 pos: 43     R   8


count: 6240 pos: 51     L   11


count: 6240 pos: 40     L   40


count: 6241 pos: 0     L   841


count: 6249 pos: 59     L   86


count: 6250 pos: 73     R   47


count: 6251 pos: 20     L   71


count: 6252 pos: 49     R   88


count: 6253 pos: 37     L   37


count: 6254 pos: 0     L   58


count: 6254 pos: 42     L   280


count: 6257 pos: 62     R   58


count: 6258 pos: 20     L   3


count: 6258 pos: 17     L   17


count: 6259 pos: 0     L   54


count: 6259 pos: 46     R   54


count: 6260 pos: 0     L   24


count: 6260 pos: 76     R   24


count: 6261 pos: 0     R   44


count: 6261 pos: 44     L   74


count: 6262 pos: 70     L   70


count: 6263 pos: 0     L   69


count: 6263 pos: 31     R   69


count: 6264 pos: 0     L   87


count: 6264 pos: 13     L   13


count: 6265 pos: 0     L   20


count: 6265 pos: 80     L   18


count: 6265 pos: 62     L   47


count: 6265 pos: 15     R   56


count: 6265 pos: 71     L   28


count: 6265 pos: 43     L   817


count: 6273 pos: 26     L   90


count: 6274 pos: 36     R   64


count: 6275 pos: 0     R   157


count: 6276 pos: 57     R   86


count: 6277 pos: 43     R   68


count: 6278 pos: 11     L   85


count: 6279 pos: 26     R   2


count: 6279 pos: 28     R   15


count: 6279 pos: 43     L   84


count: 6280 pos: 59     L   29


count: 6280 pos: 30     L   30


count: 6281 pos: 0     L   160


count: 6282 pos: 40     L   742


count: 6290 pos: 98     R   497


count: 6295 pos: 95     L   995


count: 6305 pos: 0     L   41


count: 6305 pos: 59     R   97


count: 6306 pos: 56     L   73


count: 6307 pos: 83     L   59


count: 6307 pos: 24     R   73


count: 6307 pos: 97     L   597


count: 6313 pos: 0     L   17


count: 6313 pos: 83     L   36


count: 6313 pos: 47     R   97


count: 6314 pos: 44     R   56


count: 6315 pos: 0     R   42


count: 6315 pos: 42     R   58


count: 6316 pos: 0     L   818


count: 6324 pos: 82     L   82


count: 6325 pos: 0     R   902


count: 6334 pos: 2     L   202


count: 6337 pos: 0     R   96


count: 6337 pos: 96     L   84


count: 6337 pos: 12     R   57


count: 6337 pos: 69     R   19


count: 6337 pos: 88     R   12


count: 6338 pos: 0     L   939


count: 6347 pos: 61     R   585


count: 6353 pos: 46     R   54


count: 6354 pos: 0     L   14


count: 6354 pos: 86     L   735


count: 6361 pos: 51     L   446


count: 6365 pos: 5     L   5


count: 6366 pos: 0     R   58


count: 6366 pos: 58     L   56


count: 6366 pos: 2     R   868


count: 6374 pos: 70     R   522


count: 6379 pos: 92     L   72


count: 6379 pos: 20     R   80


count: 6380 pos: 0     L   64


count: 6380 pos: 36     L   101


count: 6381 pos: 35     L   4


count: 6381 pos: 31     L   51


count: 6382 pos: 80     R   375


count: 6386 pos: 55     L   71


count: 6387 pos: 84     L   68


count: 6387 pos: 16     L   56


count: 6388 pos: 60     L   51


count: 6388 pos: 9     R   885


count: 6396 pos: 94     R   35


count: 6397 pos: 29     L   29


count: 6398 pos: 0     R   79


count: 6398 pos: 79     R   721


count: 6406 pos: 0     R   70


count: 6406 pos: 70     R   430


count: 6411 pos: 0     L   16


count: 6411 pos: 84     L   84


count: 6412 pos: 0     R   28


count: 6412 pos: 28     L   65


count: 6413 pos: 63     R   21


count: 6413 pos: 84     L   84


count: 6414 pos: 0     R   31


count: 6414 pos: 31     L   15


count: 6414 pos: 16     L   28


count: 6415 pos: 88     L   346


count: 6418 pos: 42     R   258


count: 6421 pos: 0     R   95


count: 6421 pos: 95     L   44


count: 6421 pos: 51     L   9


count: 6421 pos: 42     R   58


count: 6422 pos: 0     L   674


count: 6428 pos: 26     R   80


count: 6429 pos: 6     R   2


count: 6429 pos: 8     L   51


count: 6430 pos: 57     R   25


count: 6430 pos: 82     L   82


count: 6431 pos: 0     L   43


count: 6431 pos: 57     R   7


count: 6431 pos: 64     R   58


count: 6432 pos: 22     L   65


count: 6433 pos: 57     R   71


count: 6434 pos: 28     R   72


count: 6435 pos: 0     R   3


count: 6435 pos: 3     L   8


count: 6436 pos: 95     L   95


count: 6437 pos: 0     R   582


count: 6442 pos: 82     R   18


count: 6443 pos: 0     L   20


count: 6443 pos: 80     R   53


count: 6444 pos: 33     L   528


count: 6449 pos: 5     L   705


count: 6457 pos: 0     L   76


count: 6457 pos: 24     L   24


count: 6458 pos: 0     L   87


count: 6458 pos: 13     R   87


count: 6459 pos: 0     L   69


count: 6459 pos: 31     L   58


count: 6460 pos: 73     L   27


count: 6460 pos: 46     R   54


count: 6461 pos: 0     L   77


count: 6461 pos: 23     R   77


count: 6462 pos: 0     R   60


count: 6462 pos: 60     L   60


count: 6463 pos: 0     L   46


count: 6463 pos: 54     L   19


count: 6463 pos: 35     R   72


count: 6464 pos: 7     L   68


count: 6465 pos: 39     L   39


count: 6466 pos: 0     L   17


count: 6466 pos: 83     R   29


count: 6467 pos: 12     L   12


count: 6468 pos: 0     R   46


count: 6468 pos: 46     L   17


count: 6468 pos: 29     L   29


count: 6469 pos: 0     R   90


count: 6469 pos: 90     R   99


count: 6470 pos: 89     L   95


count: 6471 pos: 94     L   94


count: 6472 pos: 0     L   26


count: 6472 pos: 74     L   44


count: 6472 pos: 30     L   30


count: 6473 pos: 0     R   97


count: 6473 pos: 97     R   3


count: 6474 pos: 0     L   27


count: 6474 pos: 73     L   60


count: 6474 pos: 13     R   87


count: 6475 pos: 0     R   62


count: 6475 pos: 62     R   38


count: 6476 pos: 0     R   32


count: 6476 pos: 32     L   70


count: 6477 pos: 62     L   62


count: 6478 pos: 0     R   96


count: 6478 pos: 96     R   14


count: 6479 pos: 10     R   41


count: 6479 pos: 51     L   36


count: 6479 pos: 15     L   15


count: 6480 pos: 0     L   71


count: 6480 pos: 29     R   71


count: 6481 pos: 0     L   53


count: 6481 pos: 47     R   53


count: 6482 pos: 0     L   30


count: 6482 pos: 70     L   53


count: 6482 pos: 17     R   83


count: 6483 pos: 0     R   11


count: 6483 pos: 11     L   48


count: 6484 pos: 63     R   50


count: 6485 pos: 13     R   28


count: 6485 pos: 41     L   16


count: 6485 pos: 25     L   7


count: 6485 pos: 18     R   37


count: 6485 pos: 55     L   28


count: 6485 pos: 27     R   14


count: 6485 pos: 41     R   14


count: 6485 pos: 55     R   50


count: 6486 pos: 5     R   42


count: 6486 pos: 47     R   41


count: 6486 pos: 88     R   2


count: 6486 pos: 90     L   10


count: 6486 pos: 80     R   26


count: 6487 pos: 6     R   26


count: 6487 pos: 32     R   49


count: 6487 pos: 81     L   47


count: 6487 pos: 34     R   30


count: 6487 pos: 64     R   24


count: 6487 pos: 88     R   14


count: 6488 pos: 2     R   8


count: 6488 pos: 10     R   30


count: 6488 pos: 40     R   15


count: 6488 pos: 55     R   47


count: 6489 pos: 2     R   9


count: 6489 pos: 11     L   27


count: 6490 pos: 84     L   32


count: 6490 pos: 52     R   17


count: 6490 pos: 69     R   46


count: 6491 pos: 15     L   34


count: 6492 pos: 81     R   40


count: 6493 pos: 21     R   43


count: 6493 pos: 64     R   25


count: 6493 pos: 89     L   3


count: 6493 pos: 86     L   17


count: 6493 pos: 69     L   4


count: 6493 pos: 65     L   3


count: 6493 pos: 62     R   15


count: 6493 pos: 77     L   50


count: 6493 pos: 27     R   9


count: 6493 pos: 36     L   5


count: 6493 pos: 31     R   40


count: 6493 pos: 71     L   7


count: 6493 pos: 64     R   40


count: 6494 pos: 4     L   15


count: 6495 pos: 89     R   20


count: 6496 pos: 9     R   45


count: 6496 pos: 54     R   39
6496
